lncRNA,mRNA
4.5S,rpoD
6S,rpoB
6S,rpoD
7SK,MYC
7SK,ABO
7SK,HEXIM1
7SK,Oct1
7SK,Tat
7SK,CDK9
7SK,PPP1CA
7SK,PP2B
7SK,hLARP7
7SK,HMGA1
7SK,MEPCE
7SK,PTF
7SK,SRRT
7SL,MnSOD
7SL,SRP19
7SL,SRP54
7SL,APOBEC3F
7SL,BRF1
A130040M12Rik,Sfpq
AC005586.2,EWSR1
AC005688.1,EWSR1
AC006427.1,EWSR1
AC007276.7,WIPF3
AC007276.7,PRR15
AC007277.3,EWSR1
AC007639.1,EWSR1
AC009518.4,EWSR1
AC013402.2,EWSR1
AC015994.1,EWSR1
AC016205.1,EWSR1
AC016251.2,EWSR1
AC019100.3,RGPD4
AC020911.1,EWSR1
AC021755.4,EWSR1
AC022409.1,EWSR1
AC025171.1,EWSR1
AC026462.2,EWSR1
AC051649.16,TNNT3
AC051649.16,KRTAP5-4
AC051649.16,INS
AC073283.4,EWSR1
AC074289.1,EWSR1
AC091047.1,EWSR1
AC097532.1,EWSR1
AC098691.1,EWSR1
AC100848.1,SERPINB8
AC104135.3,HK2
AC104135.3,POLE4
AC159540.3,ACTR1B
AF030089,Sin3A
AF050659,Sin3A
AF087999,SERPINE1
AF087999,FLJ21870
AF267752,coREST
AF322224,coREST
AF435963,coREST
AF545831,Sin3A
AJ437403,coREST
AK017619,Dab2
AK018581,Gata6
AK028326,Pou5f1
AK045070,Coup-TfII
AK053922,Gli3
AK081227,MeCP2
AK081227,Gabrr2
AK087060?,MeCP2
AK094309,TRMT2A
AK094963,SOX9
AK133808,Rab11b
AK133808,Slc44a1
AK141205,Nanog
AK141895,Rab11b
AK141895,Slc44a1
AC163623.1,Ecsit
AL080249.2,EWSR1
AL109763.2,EWSR1
AL162831.1,EWSR1
AL353660.1,EWSR1
AL354696.2,EWSR1
AL359220.1,EWSR1
AL590482.2,EWSR1
AL671710.1,EWSR1
alpha-280/250,RPS14
Alu RNA,PolII
Alu-RARNA,PolII
ANRASSF1,PRC2
ANRASSF1,RASSF1A
AP003486.1,EWSR1
ArtR,盲录陋-toxin
ArtR,AgrA
asOct4-pg5,Oct4
ATXN8OS,GAT4
AY007691,coREST
AY383714,Sin3A
B1 RNA,PolII
B2 RNA,PolII
B2 RNA,pollII
B2 RNA,PolII
B2 RNA,hexokinase II
B2 RNA,actin
B2 RNA,Comt1
B2 RNA,RNA polymerase II
B2 RNA,ALAS1
B2 RNA,RPB2
B2 RNA,CELO
B2 RNA,RPB1
BACE1-AS,BACE1
BACE1-AS,APP
BC039493,IER5
BC063168,coREST
BC063168,Sin3A
BC064030,Sin3A
BC085903,Sin3A
BC088258,Sin3A
BC088349,Sin3A
BC090353,Sin3A
BC094214,Sin3A
BC094214,coREST
BC097997,coREST
BC099096,coREST
BC099234,coREST
BC1,PABP
BC1,p190RhoGEF
BC1,FMRP
BC100074,Sin3A
BC111077,coREST
BC132805,LRFN2
BC158613,coREST
BC158671,Sin3A
BC158671,coREST
BC158675,Sin3A
BC158675,coREST
BC158811,Sin3A
BC161977,coREST
BC161988,Sin3A
BC166474,Sin3A
BC166798,Sin3A
BC166932,Sin3A
BC166935,Sin3A
BC167004,Sin3A
BC168162,coREST
BC168954,Sin3A
BC169038,Sin3A
BC169100,coREST
BC200,ARC
BC200,MAP1B
BC200,CAMK2A
BC200,SSB
BC200,PABPC1
BC200,SRP14
BC200,SRP9
BC200,FMR1
BCAR4,EWSR1
BCAR4,PNUTS
BCAR4,SNIP1
BCYRN1,SRP9/14 heterodimer
BCYRN1,EIF4A1
BCYRN1,PABP
BCYRN1P2,FMR1
BDNF-AS1,BDNF
BDNFOS,TARDBP
bft,ttk
bft,ct
bxd,ubx
C18orf20,SERPINB8
C1orf97,EWSR1
C21orf130,FAM3B
C6orf176,EWSR1
CAR Intergenic 10,FANK1
CAR Intergenic 10,ADAM12
CARLo-5,c-myc
CBR3-AS1,AR
CCAT2,MYC
CCAT2,TCF7L2
CCAT2,VIM
CCAT2,MIR17HG
CCAT2,p16INK4A
CCAT2,BAX
CCAT2,CDC25A
CDKN2B-AS1,p16INK4A
CDKN2B-AS1,p15INK4B
CDKN2B-AS1,ARF
CDKN2B-AS1,p15
CDKN2B-AS1,PRC1
CDKN2B-AS1,CBX7
CDKN2B-AS1,E2F1
CDKN2B-AS1,SUZ12
CDKN2B-AS1,PRC2
ceY,ROP-1
Coxsackievirus B3(CVB3) RNA,EIF4G1
Coxsackievirus B3(CVB3) RNA,EIF3B
Coxsackievirus B3(CVB3) RNA,EIF4B
Coxsackievirus B3(CVB3) RNA,PTB
CR612700,TARDBP
csrB,rpoD
csrC,rpoD
CTD-2049J23.2,EWSR1
DHFR upstream transc,DHFR
DHFR upstream transc,TFIIB
dicF,hfq
AC107641.2,Trim13
Dlx1as,Dlx
A730090H04Rik,Dlx
DNM3OS,TWIST1
DQ266361,Sin3A
DQ359102,Sin3A
DQ832324,coREST
dsrA,hns
dsrA,rbsD
dsrA,rpoS
dsrA,ilvH
dsrA,rcsA
dsrA,ilvI
dsrA,argR
dsrA,hfq
dsrA,rpoD
dutA,STAT
EF094477,Sin3A
EF613276,coREST
EF688596,coREST
EMX2OS,EMX2
DLX6-AS1,DLX6
DLX6-AS1,DLX5
Fendrr,WDR5
Fendrr,Pitx2
Fendrr,Foxf1
Fendrr,Ezh2
Fendrr,SUZ12
FsrA,gltAB
G22,SRP9/14 heterodimer
G22,PABP
gadd7,TDP-43
GAL10,RAT1
GAL10,Reb1
GAL10,TRAMP complexes
GAL10,H3
GAS5,EWSR1
GAS5,NR3C1
gcvB,dppA
gcvB,oppA
gcvB,gltI
gcvB,gcvA
gcvB,rpoD
GHET1,IGF2BP1
GHET1,MYC
Gomafu,SF1
h19,ISM1
h19,HNRNPU
h19,INS
h19,CTCF3
h19,CTCF1
h19,CTCF2
h19,p53
h19,TP53
h19,GLI1
h19,CTCF
h19,E2F1
h19,SHH
h19,MYC
H19,Peg1
H19,MBD1
H19,Igf2
H19,HUC2
H19,HUC1
H19,CTCF
H19,Slc38a4
H19,MeCP2
HAR1A,RELN
HAR1A,REST
HCG14,ZNF311
HEIH,EZH2
HOTAIR,PCBP1
HOTAIR,HER2
HOTAIR,HOXD
HOTAIR,Hox
HOTAIR,KDM1A
HOTAIR,H3
HOTAIR,REST
HOTAIR,PRC2
HOTAIR,SUZ12
HOTAIR,EZH2
HOTAIR,CoREST
HOTAIR,MLL3
HOTAIR,MLL3
HOTAIR,MLL1
HOTAIR,MLL1
HOTAIR,ER伪/尾
HOTAIR,ER伪/尾
HOTAIR,CBP
HOTAIR,CBP
HOTAIR,p300
HOTAIR,p300
HOTAIR,PRC2
HOTTIP,HOXA
HOTTIP,Wdr5
HOTTIP,Mll1
HSR1,HSF1
HSR1,HSF-1
hsr-omega,Hrb87F
hsr-omega,hrp40
hsr-omega,hrb57A
HSUR 1,miR-27
HSUR 1,SEMA7A
HSUR 1,IFN-莽潞卢
HSUR 1,GRB2
hTR,TERT
hTR,DKC1
hTR,STAU1
hTR,hnRNPC
hTR,SP1
hTR,NFYA
hTR,NFYB
hTR,RPL22
hTR,TEP1
hTR,NFYC
hTR,HNRNPA1
hTR,PINX1
HULC,IGF2BP1
HULC,CNOT1
hY1,SSB
hY1,Ro60
hY1,NCL
hY1,hnRNPI
hY1,HNRNPK
hY3,NCL
hY3,hnRNPI
hY3,HNRNPK
iab-4,abd-A
iab-4,abd-B
ICR1,FLO11
ICR1,Sfl1
ICR1,Rpd3L
ICR1,Flo8
Kcnq1ot1,CTCF
Kcnq1ot1,Kcnq
Kcnq1ot1,Kcnq1
Kcnq1ot1,Dnmt1
Kcnq1ot1,Ezh2
Kcnq1ot1,PRC2
Kcnq1ot1,PRC1
Kcnq1ot1,G9a
KDM5B-AS1,KLHL12
Khps1a,Sphk1
L22653,coREST
LILRP2,LENG8
LILRP2,LAIR2
LINC00312,ERAL1
LINC00568,ECM1
LINC00570,CMPK1
LINC00570,ROCK2
linc1239,CBX3
Gm11974,SUV39H1
Gm11974,SETD8
Gm11974,CBX1
Gm11974,PRC2
Gm11974,JARID1B
Gm11974,RING1B
Gm16516,CBX3
Gm16516,ESET
Gm16516,CBX1
Gm16516,PRC2
Gm16516,JARID1B
Gm16516,RING1B
3110056K07Rik,ESET
3110056K07Rik,PRC2
3110056K07Rik,JARID1B
3110056K07Rik,RING1B
Gm2373,HDAC1
Gm2373,SUV39H1
Gm2373,JARID1C
Gm2373,CBX1
Gm2373,PRC2
linc1287,ESET
linc1287,CBX1
linc1287,Tip60
linc1288,CBX3
linc1288,SUV39H1
linc1288,ESET
linc1288,SETD8
linc1288,CBX1
linc1289,SUV39H1
linc1289,ESET
linc1289,CBX1
linc1289,PRC2
linc1289,JARID1B
linc1289,RING1B
1700001L05Rik,SUV39H1
1700001L05Rik,ESET
1700001L05Rik,JARID1C
1700001L05Rik,SETD8
1700001L05Rik,CBX1
linc1294,SUV39H1
linc1317,SUV39H1
linc1317,ESET
linc1317,PRC2
linc1317,JARID1B
linc1317,RING1B
AC104908.1,SUV39H1
AC104908.1,CBX1
AC104908.1,PRC2
AC104908.1,JARID1B
AC104908.1,RING1B
linc1335,SUV39H1
linc1335,YY1
linc1335,JARID1B
linc1343,SUV39H1
linc1343,CBX1
linc1343,PRC2
linc1343,JARID1B
linc1343,RING1B
linc1349,ESET
linc1349,JARID1C
linc1349,RING1B
5430416N02Rik,SUV39H1
5430416N02Rik,ESET
5430416N02Rik,SETD8
5430416N02Rik,CBX1
5430416N02Rik,PRC2
5430416N02Rik,JARID1B
5430416N02Rik,RING1B
linc1379,SUV39H1
linc1379,ESET
linc1379,CBX1
linc1382,SUV39H1
linc1382,JARID1C
linc1382,YY1
linc1385,SUV39H1
linc1385,ESET
linc1385,JARID1C
linc1385,CBX1
linc1385,PRC2
linc1385,JARID1B
linc1385,RING1B
linc1388,CBX3
linc1388,YY1
linc1388,Tip60
4933436C20Rik,CBX3
5530601H04Rik,SUV39H1
5530601H04Rik,ESET
C330013F16Rik,CBX3
C330013F16Rik,YY1
C330013F16Rik,CBX1
C330013F16Rik,PRC2
linc1417,CBX1
linc1422,SUV39H1
linc1422,ESET
linc1422,SETD8
linc1422,CBX1
linc1422,PRC2
linc1422,JARID1B
linc1422,RING1B
linc1423,HDAC1
linc1423,ESET
linc1423,CBX1
linc1439,CBX3
linc1439,SUV39H1
linc1439,ESET
linc1439,SETD8
NONMMUG007313,SUV39H1
NONMMUG007313,ESET
NONMMUG007313,JARID1C
linc1458,CBX3
linc1458,JARID1C
linc1458,PRC2
linc1458,JARID1B
linc1458,RING1B
linc1463,HDAC1
linc1463,SUV39H1
linc1463,CBX1
Gm2373,YY1
Gm2373,JARID1B
Gm2373,RING1B
linc1476,CBX3
linc1476,SUV39H1
linc1476,JARID1C
linc1476,CBX1
linc1476,Tip60
linc1476,RING1B
linc1477,HDAC1
linc1477,JARID1C
linc1477,PRC2
linc1477,JARID1B
linc1477,Tip60
linc1477,RING1B
AC163291.1,HDAC1
AC163291.1,CBX1
AC163291.1,PRC2
AC163291.1,Tip60
linc1483,YY1
linc1483,PRC2
linc1483,Tip60
linc1483,RING1B
1300002E11Rik,SUV39H1
1300002E11Rik,CBX1
linc1500,ESET
linc1500,JARID1C
linc1500,CBX1
linc1500,PRC2
linc1506,SUV39H1
linc1506,ESET
linc1509,ESET
linc1509,CBX1
linc1509,PRC2
linc1509,JARID1B
linc1509,RING1B
linc1515,HDAC1
linc1515,SUV39H1
linc1515,PRC2
linc1515,Tip60
AC117663.1,ESET
AC117663.1,JARID1C
AC117663.1,SETD8
AC117663.1,PRC2
AC117663.1,JARID1B
AC117663.1,RING1B
AC123687.1,SETD8
AC123687.1,CBX1
AC123687.1,PRC2
Gm15055,CBX3
Gm15055,SUV39H1
Gm15051,CBX1
Gm15051,PRC2
Gm15051,RING1B
linc1549,HDAC1
linc1549,ESET
linc1549,JARID1C
linc1549,PRC2
linc1549,RING1B
linc1555,YY1
linc1561,HDAC1
linc1561,CBX1
linc1563,ESET
linc1563,JARID1C
linc1563,CBX1
linc1563,PRC2
linc1563,Tip60
linc1563,RING1B
linc1565,JARID1C
linc1565,SETD8
linc1565,CBX1
linc1565,Tip60
2900076A07Rik,ESET
2900076A07Rik,PRC2
2900076A07Rik,JARID1B
2900076A07Rik,RING1B
AC130841.1,ESET
AC130841.1,JARID1C
AC130841.1,PRC2
linc1580,ESET
linc1580,SETD8
linc1580,CBX1
linc1583,CBX3
linc1583,HDAC1
linc1583,SUV39H1
linc1583,ESET
linc1583,CBX1
A230072C01Rik,ESET
A230072C01Rik,SETD8
A230072C01Rik,CBX1
linc1597,ESET
linc1597,PRC2
linc1608,YY1
linc1608,CBX1
AC122247.1,ESET
AC122247.1,JARID1C
linc1612,ESET
linc1612,PRC2
linc1612,JARID1B
linc1612,RING1B
2410004N09Rik,SUV39H1
2410004N09Rik,ESET
2410004N09Rik,JARID1C
2410004N09Rik,CBX1
2410004N09Rik,PRC2
linc1618,JARID1B
linc1625,SUV39H1
linc1625,CBX1
linc1633,CBX3
linc1633,SUV39H1
linc1634,HDAC1
linc1634,CBX1
linc1634,JARID1B
linc1992,IFN-浼
lincDR1,PRC2
lincDR1,IgG
lincFoxF1,PRC2
lincGARS,IgG
lincGARS,PRC2
linc-HOXA1,Purb
linc-HOXA1,Hoxa1
linc-MD1,ELAV1
lincMLKN1,IgG
lincMLKN1,PRC2
lincRNA-p21,HNRNPK
lincRNA-p21,hnRNP-K
lincRNA-p21,p53
lincRNA-p21,HIF-1盲录陋
lincRNA-p21,VHL
LINC-RoR,Sox2
LINC-RoR,Oct4
LINC-RoR,Nanog
lincSFPQ,IgG
lincSFPQ,PRC2
linc-UBC1,EZH2
linc-UBC1,SUZ12
LL0XNC01-157D4.1,EWSR1
Llme23,Rab23
Llme23,PSF
lncRNA-GAS5,1TMW_A
lncRNA-GAS5,AAF22034.1
lncRNA-GAS5,ANXA2
LSINCT5,PSPC1
LUST,RBM5
MALAT1,EWSR1
MALAT1,PSF
MALAT1,SR protein family
MALAT1,SR140
MALAT1,AQR
MALAT1,CREB1
MALAT1,SFRS1
MALAT1,DBHS
MALAT1,RNPS1
MALAT1,Pc2
MALAT1,SRm160
MALAT-1,hnRNPC
MEG3,p53
MEG3,TP53
MEG3,GDF15
MEG3,cAMP
MEG3,p53
MGC12982,TAL1
MGC12982,FOXE3
ISCA2P1,IRES-GFP
micC,ompC
micC,hfq
micF,rpoD
micF,hfq
micF,lrp
Microrna-124,FLOT1
microRNA-16,Bmi1
microRNA-31,SATB2
MicroRNA-99,NMT1
MicroRNA-99,TMEM30A
MicroRNA-99,SMARCA5
MicroRNA-99,HOXA1
MicroRNA-99,Mtor
MicroRNA-99,CTDSPL
miR-133a,CXCL12
miR-135,CXCL12
miR-135a,CXCL12
MIR155HG,MYB
miR-156,ZFP36
miR-157,JARID2
miR-158,BACH1
MIR1792,E2F1
miR-181a,CXCL12
miR-181a*,CXCL12
miR-181b,CXCL12
MiR-185,VEGFA
MiR-200a,WNT5A
miR-216,CXCL12
miR-222a,CXCL12
miR-27,SEMA7A
miR-27,GRB2
miR-27,IFNG
MIR374AHG,EWSR1
miR-500,CXCL12
miR-8485,NRXN1
miR-8485,TDP-43
MiR-9,MMP2
Mistral,Hoxa7
Mistral,MLL1
MRAK005234,Sin3A
MRAK010087,coREST
MRAK011616,coREST
MRAK012211,Sin3A
MRAK013532,Sin3A
MRAK013532,coREST
MRAK013736,Sin3A
MRAK014035,coREST
MRAK014638,coREST
MRAK017269,Sin3A
MRAK017754,Sin3A
MRAK019982,Sin3A
MRAK021346,coREST
MRAK028347,coREST
MRAK035295,coREST
MRAK038961,Sin3A
MRAK040264,Sin3A
MRAK041468,coREST
MRAK043151,Sin3A
MRAK045560,coREST
MRAK046848,coREST
MRAK047212,Sin3A
MRAK047212,coREST
MRAK049735,Sin3A
MRAK050417,coREST
MRAK050935,coREST
MRAK053211,coREST
MRAK080234,Sin3A
MRAK080604,coREST
MRAK082557,Sin3A
MRAK083513,coREST
MRAK086453,coREST
MRAK131843,Sin3A
MRAK135044,Sin3A
MRAK136334,Sin3A
MRAK143109,coREST
MRAK154943,Sin3A
MRAK154943,coREST
MRAK159688,Sin3A
MRAK159688,coREST
MRAK163011,coREST
MRAK164152,coREST
MRAK164163,Sin3A
MRAK164927,Sin3A
MRAK166199,Sin3A
MRAK167711,Sin3A
MRBC019134,Sin3A
MRBC019134,coREST
MRBC030402,Sin3A
MRBC030402,coREST
MRBC052873,Sin3A
MRBC052873,coREST
mrhl,Ddx5
MRNR_002452,coREST
MRuc007jsx,Sin3A
MRuc007jsx,coREST
MRuc007kvk,Sin3A
MRuc007nzw,coREST
MRuc007pap,coREST
MRuc007pas,Sin3A
MRuc008sut,coREST
MRuc008vjw,coREST
MRuc008ymd,coREST
MRuc009dpe,Sin3A
MRuc009ktv,coREST
MRuc009mni,coREST
MRuc009pdp,coREST
Msx1 AS RNA,Dlx5
Msx1 AS RNA,Msx1
Msx1 AS RNA,Bmp4
Myheart779,Brg1
nc886(pre-miR-886 or vtRNA2-1),PKR
Ncrms,Pax2
NCRNA00103,CD99
NCRNA00188,EWSR1
NCRNA00275,EWSR1
ncRNA-a3,ROCK2
ncRNA-a3,CYP4A11
ncRNA-a3,TAL1
ncRNA-a6,Snai2
ncRNA-a7,Snai1
ncRNACCND1,CCND1
ncRNACCND1,DROSHA
NCRUPAR,PAR-1
ND5,PTCD2
ND6,PTCD2
NEAT1,EWSR1
NEAT1,SMARCA4
NEAT1,SMARCA2
NEAT1,Proteins of the Dros
NEAT1,PSF
NEAT1,TARDBP
NEAT1,DBHS
NEAT1,PSPC1
NEAT1,PSP-1
NEAT1_2,FUS
NEAT1_2,TDP-43
NeST,Wdr5
NR_027324,Sin3A
NRON,NFAT
NRON,LRRK2
NRSE,REST
oxyS,gadB
oxyS,pqqL
oxyS,yhiM
oxyS,uhpT
oxyS,dpS
oxyS,mdtF
oxyS,fhlA
oxyS,hfq
oxyS,rpoS
PAN,E1B-AP5 (ORF57)
PAN,PABPC1
PAN RNA,EZH2
PAN RNA,SUZ12
PAN,ORF20
PAN,ORF31
PAN,ORF53
PAN,ORF67A
PAN,ORF75
PCAT1,EZH2
PCAT1,SUZ12
PCAT1,PRC2
PCNA-AS1,E2F7
LINC00853,CMPK1
pgc,tll
pgc,ERKa
PHO84 antisense,PHO84
PHO84 antisense,histone deacetylases
NONHSAG005407,G1P3
pRNA,PARP1
PTENP1,PTEN
PVT1,EWSR1
PVT1,YY1
PVT1,MYC
PVT1,p53
PWR1,ICR1
PWR1,FLO11
PWR1,Sfl1
PWR1,Rpd3L
PWR1,Flo8
RepA,XIST
RepA,Ezh2
RepA,PRC2
RNAIII,MAP
RMRP,Rpp20
RMRP,RPP29
RMRP,RPP38
RMRP,hPop1
RMRP,Rpp25
RMRP,RPP21
RNase MRP RNA,SNM1
rncs-1,RDE-4
rncs-1,Dicer
rnpB,rpoD
roX1,sxl
roX1,mle
roX1,MSL2
roX1,MSL1
roX1,msl-3
roX1,msl-1
roX2,UNR
roX2,mle
roX2,MSL2
roX2,msl-3
roX2,msl-1
RP1-105O18.1,LAMA4
RP11-1148L6.5,TBC1D25
RP11-148B18.4,F3
RP11-195B3.1,PFKP
RP11-199O14.1,BMP2
RP11-203B9.4,EWSR1
RP11-205K6.2,FAM125B
RP11-245J24.1,C10orf84
RP11-255B23.3,EWSR1
RP11-276H19.1,EWSR1
RP11-292F22.4,ANXA8L2
RP11-354P17.9,EWSR1
RP11-380B4.2,KL
RP11-395L14.16,CBWD2
RP11-395L14.16,SLC35F5
RP11-402P6.9,TAF1
RP11-432J24.3,LRRC27
RP11-432J24.3,STK32C
RP11-453E17.1,EWSR1
RP11-458D21.2,HFE2
RP11-543D5.1,FOXE3
RP11-552E20.1,LRFN2
RP11-554F20.1,EWSR1
RP11-622O11.2,EWSR1
RP11-696N14.1,EWSR1
RP11-6J21.2,YOD1
RP11-6J21.2,PFKFB2
RP11-6J21.2,CD55
RP11-712B9.2,EWSR1
RP11-716O23.1,LOC221710
RP11-760M1.2,SACS
RP11-768F21.1,EWSR1
RP11-84P7.2,MELK
RP11-8L2.1,EWSR1
RP11-90J7.3,RPS24
RP1-290I10.3,GCNT2
RP1-290I10.3,TMEM14C
RP3-341D10.4,ARL13A
RP3-410C9.1,EWSR1
RP3-475N16.1,PPP2R5D
RP3-475N16.1,SRF
RP3-487J7.2,EWSR1
RP4-550H1.5,C20orf4
RP4-564F22.2,EWSR1
RP5-1043L13.1,EWSR1
RP5-1182A14.1,EWSR1
RP5-859D4.3,BMP2
NONHSAG050539,ELAVL1
AC083843.1,ELAVL1
CASC7,ELAVL1
NONHSAG051650,ELAVL1
NONHSAG051813,ELAVL1
LOC100506710,ELAVL1
NONHSAG052186,ELAVL1
NONHSAG035911,ELAVL1
RP11-2B6.3,ELAVL1
NONHSAG053057,ELAVL1
NONHSAG053377,ELAVL1
TUG1,ELAVL1
NONHSAG053890,ELAVL1
MT-RNR2,ELAVL1
NONHSAG053894,ELAVL1
NONHSAG053895,ELAVL1
NONHSAG053896,ELAVL1
NONHSAG053897,ELAVL1
XIST,ELAVL1
JPX,ELAVL1
Ftx,ELAVL1
NONHSAG054826,ELAVL1
RP6-24A23.7,ELAVL1
hsa-mir-6723,ELAVL1
NONHSAG000329,ELAVL1
NONHSAG000442,ELAVL1
RP5-1057J7.6,ELAVL1
NONHSAG000701,ELAVL1
SFPQ,ELAVL1
RP1-39G22.7,ELAVL1
LOC100130557,ELAVL1
NONHSAG001935,ELAVL1
RP5-1014C4.3,ELAVL1
RP4-714D9.5,ELAVL1
RPI001_1003913,ELAVL1
NONHSAG002759,ELAVL1
NONHSAG002891,ELAVL1
NONHSAG003394,ELAVL1
GAS5,ELAVL1
RC3H1-IT1,ELAVL1
NONHSAG003821,ELAVL1
MIR181A1HG,ELAVL1
NONHSAG048962,ELAVL1
NONHSAG004391,ELAVL1
RPI001_1005473,ELAVL1
NONHSAG004615,ELAVL1
NONHSAG033712,ELAVL1
NONHSAG010542,ELAVL1
NONHSAG004866,ELAVL1
NONHSAG004977,ELAVL1
NONHSAG028816,ELAVL1
ZNF271,ELAVL1
RP11-390B4.5,ELAVL1
NONHSAG005343,ELAVL1
LINC00202-1,ELAVL1
NONHSAG005467,ELAVL1
CTD-2647L4.4,ELAVL1
RP11-305E6.4,ELAVL1
ZEB1-AS1,ELAVL1
ZNF37BP,ELAVL1
NONHSAG005989,ELAVL1
RP11-222A11.1,ELAVL1
NUTM2A-AS1,ELAVL1
CTB-89H12.4,ELAVL1
NONHSAG006570,ELAVL1
NONHSAG006873,ELAVL1
NONHSAG006908,ELAVL1
NONHSAG006971,ELAVL1
LINC00958,ELAVL1
NONHSAG008125,ELAVL1
SNHG1,ELAVL1
NEAT1,ELAVL1
MALAT1,ELAVL1
RAB30-AS1,ELAVL1
NONHSAG009234,ELAVL1
NONHSAG009340,ELAVL1
AC007390.5,ELAVL1
RP11-890B15.2,ELAVL1
NONHSAG010160,ELAVL1
SLC2A3P1,ELAVL1
NONHSAG010565,ELAVL1
NONHSAG010634,ELAVL1
NONHSAG012433,ELAVL1
NONHSAG011425,ELAVL1
NONHSAG047292,ELAVL1
NONHSAG011781,ELAVL1
C12orf79,ELAVL1
NONHSAG011964,ELAVL1
NONHSAG012161,ELAVL1
NONHSAG012566,ELAVL1
NONHSAG012658,ELAVL1
NONHSAG013185,ELAVL1
NONHSAG013343,ELAVL1
NONHSAG013514,ELAVL1
DIAPH3,ELAVL1
NONHSAG013766,ELAVL1
MIR1792,ELAVL1
NONHSAG015840,ELAVL1
NONHSAG015898,ELAVL1
HERC2P2,ELAVL1
DLEU1,ELAVL1
LINC00984,ELAVL1
OIP5-AS1,ELAVL1
NONHSAG016687,ELAVL1
FLJ10038,ELAVL1
GABPB1-AS1,ELAVL1
TMOD3,ELAVL1
NONHSAG016966,ELAVL1
NONHSAG017346,ELAVL1
RP11-1006G14.4,ELAVL1
HOXD-AS1,ELAVL1
NONHSAG017675,ELAVL1
CTD-2313J17.5,ELAVL1
CHD2,ELAVL1
RP11-473I1.10,ELAVL1
ZSCAN12P1,ELAVL1
RP11-452L6.1,ELAVL1
NONHSAG019270,ELAVL1
CRNDE,ELAVL1
NBPF1,ELAVL1
MIR4720,ELAVL1
NONHSAG020638,ELAVL1
C17orf76-AS1,ELAVL1
AC003102.3,ELAVL1
CRHR1-IT1,ELAVL1
NONHSAG022204,ELAVL1
SNHG16,ELAVL1
LINC00667,ELAVL1
NONHSAG023703,ELAVL1
NONHSAG024467,ELAVL1
CTC-325H20.2,ELAVL1
ZNF121,ELAVL1
LINC00662,ELAVL1
ZNF529,ELAVL1
CTD-2162K18.5,ELAVL1
NONHSAG025677,ELAVL1
NONHSAG025701,ELAVL1
NONHSAG025977,ELAVL1
ZNF542,ELAVL1
NONHSAG026659,ELAVL1
NONHSAG027412,ELAVL1
NONHSAG027419,ELAVL1
GPR75-ASB3,ELAVL1
ZNF638,ELAVL1
NONHSAG028819,ELAVL1
NYX,ELAVL1
ZEB2,ELAVL1
NONHSAG029769,ELAVL1
AC009948.5,ELAVL1
CLK1,ELAVL1
GCSHP3,ELAVL1
NONHSAG030396,ELAVL1
RP11-16P6.1,ELAVL1
NONHSAG031167,ELAVL1
RP5-1085F17.3,ELAVL1
LINC00657,ELAVL1
SNHG17,ELAVL1
ZFAS1,ELAVL1
NONHSAG032574,ELAVL1
NONHSAG032606,ELAVL1
BX322557.10,ELAVL1
LL22NC03-80A10.6,ELAVL1
TTC28-AS1,ELAVL1
SRGAP3,ELAVL1
FGD5-AS1,ELAVL1
FOXP1-IT1,ELAVL1
NONHSAG035942,ELAVL1
RP11-145F16.2,ELAVL1
RP11-255C15.3,ELAVL1
NONHSAG036978,ELAVL1
NONHSAG037513,ELAVL1
NONHSAG037629,ELAVL1
NONHSAG037709,ELAVL1
NONHSAG038290,ELAVL1
NONHSAG038417,ELAVL1
NONHSAG039225,ELAVL1
NONHSAG039241,ELAVL1
RP11-46C20.1,ELAVL1
NONHSAG040185,ELAVL1
LOC100506548,ELAVL1
AC025171.1,ELAVL1
MRPS30,ELAVL1
NONHSAG040333,ELAVL1
NONHSAG040781,ELAVL1
NONHSAG040792,ELAVL1
NONHSAG040957,ELAVL1
TMEM161B-AS1,ELAVL1
NONHSAG041027,ELAVL1
NONHSAG041205,ELAVL1
CTC-428G20.3,ELAVL1
MTND4P12,ELAVL1
NONHSAG041789,ELAVL1
NONHSAG041985,ELAVL1
NONHSAG043283,ELAVL1
NONHSAG043790,ELAVL1
NONHSAG043792,ELAVL1
LINC00472,ELAVL1
RP11-46A10.4,ELAVL1
NONHSAG044279,ELAVL1
NONHSAG044599,ELAVL1
C6orf3,ELAVL1
NONHSAG044742,ELAVL1
NONHSAG044905,ELAVL1
CTC-459F4.3,ELAVL1
NONHSAG045160,ELAVL1
NONHSAG045208,ELAVL1
ZNRF2,ELAVL1
TRIM60P18,ELAVL1
MAGI2-AS3,ELAVL1
NONHSAG048222,ELAVL1
NONHSAG048332,ELAVL1
RP11-325F22.3,ELAVL1
FARP1,ELAVL1
NONHSAG048582,ELAVL1
ZNF800,ELAVL1
RP11-274B21.2,ELAVL1
RP5-1129J21.3,ELAVL1
RP4-814D15.2,ELAVL1
NONHSAG049298,ELAVL1
NONHSAG049699,ELAVL1
NONHSAG050002,ELAVL1
NONHSAG050102,ELAVL1
NONHSAG050903,ELAVL1
KB-1460A1.5,ELAVL1
NONHSAG050915,ELAVL1
NONHSAG051652,ELAVL1
RP11-554F20.1,ELAVL1
RPI001_68334,ELAVL1
LOC400043,ELAVL1
RP11-461G12.2,ELAVL1
AC012146.7,ELAVL1
NONHSAG044100,ELAVL1
NONHSAG038800,ELAVL1
NONHSAG038845,ELAVL1
NONHSAG020169,ELAVL1
LINC00641,ELAVL1
NONHSAG049629,ELAVL1
NONHSAG048681,ELAVL1
NONHSAG051649,ELAVL1
NONHSAG044552,ELAVL1
NONHSAG016957,ELAVL1
AC006465.3,ELAVL1
NONHSAG015355,ELAVL1
NONHSAG002416,ELAVL1
GS1-251I9.4,ELAVL1
CIDECP,ELAVL1
NONHSAG002563,ELAVL1
AC007255.7,ELAVL1
KLHDC4,ELAVL1
RSBN1L-AS1,ELAVL1
NONHSAG043628,ELAVL1
NONHSAG038974,ELAVL1
NONHSAG043780,ELAVL1
NONHSAG018664,ELAVL1
RP11-159D12.2,ELAVL1
RP11-214C8.5,ELAVL1
NONHSAG028411,ELAVL1
NONHSAG049895,ELAVL1
LINC00294,ELAVL1
RP11-767N6.7,ELAVL1
NONHSAG034830,ELAVL1
NONHSAG034981,ELAVL1
NONHSAG003899,ELAVL1
NONHSAG001038,ELAVL1
ERICH1,ELAVL1
RP11-149I2.5,ELAVL1
NONHSAG027244,ELAVL1
NONHSAG036539,ELAVL1
NONHSAG002554,ELAVL1
RP11-350F4.2,ELAVL1
NONHSAG028809,ELAVL1
NONHSAG044760,ELAVL1
FBXL19-AS1,ELAVL1
NONHSAG040537,ELAVL1
MATR3,ELAVL1
NONHSAG013844,ELAVL1
LOC399815,ELAVL1
NONHSAG002702,ELAVL1
NONHSAG053059,ELAVL1
RP11-122G18.5,ELAVL1
NONHSAG003298,ELAVL1
NONHSAG048098,ELAVL1
CTC-281B15.1,ELAVL1
PTPRG-AS1,ELAVL1
NONHSAG037102,ELAVL1
NONHSAG001410,ELAVL1
NONHSAG001965,ELAVL1
NONHSAG001966,ELAVL1
RP11-566E18.3,ELAVL1
RP1-239B22.5,ELAVL1
NONHSAG022252,ELAVL1
CTBP1-AS2,ELAVL1
RP11-196G18.22,ELAVL1
SEC31A,ELAVL1
RP11-283C24.1,ELAVL1
NONHSAG048876,ELAVL1
RP11-284N8.3,ELAVL1
SRRM2-AS1,ELAVL1
NONHSAG003641,ELAVL1
NONHSAG034493,ELAVL1
NONHSAG026944,ELAVL1
NONHSAG010355,ELAVL1
AC006160.8,ELAVL1
NONHSAG006222,ELAVL1
LOC92249,ELAVL1
SNHG3,ELAVL1
NONHSAG055089,ELAVL1
NONHSAG031168,ELAVL1
NONHSAG048484,ELAVL1
NONHSAG031596,ELAVL1
NONHSAG044774,ELAVL1
RP11-57H14.4,ELAVL1
NONHSAG013706,ELAVL1
ZNF137P,ELAVL1
RP11-38P22.2,ELAVL1
C14orf37,ELAVL1
RP11-171I2.2,ELAVL1
NONHSAG033209,ELAVL1
NONHSAG036742,ELAVL1
NONHSAG005292,ELAVL1
NONHSAG052880,ELAVL1
NONHSAG043043,ELAVL1
NONHSAG043183,ELAVL1
NONHSAG038476,ELAVL1
NONHSAG009423,ELAVL1
NONHSAG033214,ELAVL1
NONHSAG037599,ELAVL1
ARHGAP11B,ELAVL1
NONHSAG011802,ELAVL1
NONHSAG027869,ELAVL1
RP11-16E18.3,ELAVL1
RP11-226L15.5,ELAVL1
NONHSAG034919,ELAVL1
RP11-119F7.5,ELAVL1
NONHSAG017420,ELAVL1
AC005154.5,ELAVL1
RDH13,ELAVL1
NONHSAG054399,ELAVL1
NONHSAG049275,ELAVL1
NONHSAG012430,ELAVL1
NONHSAG015144,ELAVL1
NONHSAG002560,ELAVL1
NONHSAG015511,ELAVL1
RP11-552M11.8,ELAVL1
CTB-36H16.2,ELAVL1
LINC00338,ELAVL1
NONHSAG009994,ELAVL1
NONHSAG015421,ELAVL1
LINC00894,ELAVL1
RP11-318L16.6,ELAVL1
NONHSAG036474,ELAVL1
AC005082.12,ELAVL1
HCG18,ELAVL1
NONHSAG003613,ELAVL1
EIF4E2,ELAVL1
NONHSAG010846,ELAVL1
NONHSAG002089,ELAVL1
NONHSAG047455,ELAVL1
NONHSAG035211,ELAVL1
NONHSAG019409,ELAVL1
NONHSAG015964,ELAVL1
RABGGTB,ELAVL1
RIMKLB,ELAVL1
RP11-102L12.2,ELAVL1
NONHSAG033204,ELAVL1
NONHSAG013224,ELAVL1
YWHAQP6,ELAVL1
WDR11,ELAVL1
TIAM2,ELAVL1
AC074117.10,ELAVL1
ZNF204P,ELAVL1
NONHSAG004592,ELAVL1
NONHSAG053167,ELAVL1
NONHSAG034552,ELAVL1
NONHSAG009362,ELAVL1
RP11-119F19.2,ELAVL1
NONHSAG040787,ELAVL1
CTA-14H9.5,ELAVL1
NONHSAG009749,ELAVL1
C7orf49,ELAVL1
NONHSAG036141,ELAVL1
RP11-276H19.2,ELAVL1
AC007038.7,ELAVL1
NONHSAG006011,ELAVL1
FLG-AS1,ELAVL1
NONHSAG027755,ELAVL1
NONHSAG008567,ELAVL1
NONHSAG007115,ELAVL1
NR2F1-AS1,ELAVL1
NONHSAG039040,ELAVL1
CTC-228N24.3,ELAVL1
AC104135.2,ELAVL1
NONHSAG017034,ELAVL1
NONHSAG010771,ELAVL1
NONHSAG004289,ELAVL1
WDFY3-AS2,ELAVL1
UBAC2-AS1,ELAVL1
ZNRD1-AS1,ELAVL1
MYO19,ELAVL1
RP11-477D19.2,ELAVL1
PTCHD3P1,ELAVL1
DHRS4-AS1,ELAVL1
AC007405.6,ELAVL1
CTC-338M12.3,ELAVL1
LYPD5,ELAVL1
LINC00669,ELAVL1
NONHSAG010157,ELAVL1
RP11-819C21.1,ELAVL1
NONHSAG014277,ELAVL1
RPPH1,ELAVL1
NONHSAG055105,ELAVL1
RP11-480I12.7,ELAVL1
CTD-3018O17.3,ELAVL1
NONHSAG010965,ELAVL1
NONHSAG000925,ELAVL1
CTC-241F20.3,ELAVL1
NONHSAG047399,ELAVL1
YLPM1,ELAVL1
NONHSAG043310,ELAVL1
RP13-487P22.1,ELAVL1
AC058791.2,ELAVL1
RP11-10C24.2,ELAVL1
NARG2,ELAVL1
NONHSAG017268,ELAVL1
SNHG12,ELAVL1
RP4-561L24.3,ELAVL1
NONHSAG002465,ELAVL1
RP11-435B5.4,ELAVL1
NONHSAG006891,ELAVL1
NONHSAG007359,ELAVL1
MIPEPP3,ELAVL1
RPL35AP31,ELAVL1
LINC00674,ELAVL1
NONHSAG017230,ELAVL1
AC004158.2,ELAVL1
NONHSAG023807,ELAVL1
NONHSAG025547,ELAVL1
ZNF404,ELAVL1
BCL11A,ELAVL1
NONHSAG029466,ELAVL1
NONHSAG032422,ELAVL1
SCARNA7,ELAVL1
NONHSAG037173,ELAVL1
NONHSAG037306,ELAVL1
NONHSAG038081,ELAVL1
NONHSAG039051,ELAVL1
MIR4453,ELAVL1
NONHSAG041983,ELAVL1
RP5-1186N24.3,ELAVL1
KIFC1,ELAVL1
NONHSAG043706,ELAVL1
NONHSAG044003,ELAVL1
SNHG5,ELAVL1
NONHSAG045081,ELAVL1
NONHSAG045257,ELAVL1
NONHSAG045294,ELAVL1
LINC00473,ELAVL1
AC091729.9,ELAVL1
SNHG15,ELAVL1
NONHSAG048604,ELAVL1
SULF1,ELAVL1
RP11-1C8.4,ELAVL1
NONHSAG051104,ELAVL1
NONHSAG052606,ELAVL1
RP6-99M1.2,ELAVL1
NONHSAG037679,ELAVL1
NONHSAG038059,ELAVL1
RP11-453E17.1,ELAVL1
NONHSAG001462,ELAVL1
RP11-164P12.4,ELAVL1
NONHSAG039294,ELAVL1
ZNF518B,ELAVL1
RP11-504A18.1,ELAVL1
NONHSAG037780,ELAVL1
FRYL,ELAVL1
NONHSAG001617,ELAVL1
NONHSAG038421,ELAVL1
H2AFZ,ELAVL1
NONHSAG038565,ELAVL1
NONHSAG038747,ELAVL1
NONHSAG039347,ELAVL1
RP11-182I10.3,ELAVL1
MIR4458,ELAVL1
NONHSAG040538,ELAVL1
ZBED3-AS1,ELAVL1
CTD-2007H13.3,ELAVL1
NONHSAG041451,ELAVL1
CTC-321K16.1,ELAVL1
NONHSAG041806,ELAVL1
NONHSAG042210,ELAVL1
RPI002_007291,ELAVL1
CTD-2127H9.1,ELAVL1
CTD-2201E18.3,ELAVL1
SAP30L-AS1,ELAVL1
NONHSAG042135,ELAVL1
CTC-338M12.7,ELAVL1
NONHSAG042645,ELAVL1
RP1-80B9.2,ELAVL1
NONHSAG042838,ELAVL1
RP1-265C24.8,ELAVL1
NONHSAG043306,ELAVL1
RPI001_553802,ELAVL1
LOC100131564,ELAVL1
NONHSAG044089,ELAVL1
RP11-398K22.12,ELAVL1
RP11-46B11.5,ELAVL1
RP5-1112D6.4,ELAVL1
RP3-399L15.3,ELAVL1
EYA4,ELAVL1
VTA1,ELAVL1
NONHSAG045058,ELAVL1
RP5-1074L1.1,ELAVL1
NONHSAG045243,ELAVL1
RP11-96K19.4,ELAVL1
GMDS,ELAVL1
NONHSAG042632,ELAVL1
RP3-406P24.3,ELAVL1
RP3-512B11.3,ELAVL1
GUSBP4,ELAVL1
MANEA-AS1,ELAVL1
LINC00622,ELAVL1
NONHSAG044696,ELAVL1
NONHSAG044971,ELAVL1
RP3-460G2.2,ELAVL1
RAET1K,ELAVL1
NONHSAG045405,ELAVL1
AC004837.5,ELAVL1
INHBA-AS1,ELAVL1
AC004854.4,ELAVL1
RP11-132A1.3,ELAVL1
NONHSAG048520,ELAVL1
AC068610.3,ELAVL1
ARHGEF2,ELAVL1
NONHSAG048824,ELAVL1
NPSR1-AS1,ELAVL1
AC011290.4,ELAVL1
NONHSAG047431,ELAVL1
RP11-111K18.2,ELAVL1
NONHSAG048263,ELAVL1
RPI001_571280,ELAVL1
LAMB1,ELAVL1
NONHSAG048840,ELAVL1
KMT2C,ELAVL1
RASAL2-AS1,ELAVL1
NONHSAG049792,ELAVL1
NONHSAG050800,ELAVL1
LINC00964,ELAVL1
NONHSAG003677,ELAVL1
FAM83H-AS1,ELAVL1
ZNF252P-AS1,ELAVL1
NONHSAG049331,ELAVL1
RP11-115C21.2,ELAVL1
CTD-2541M15.1,ELAVL1
AF131215.9,ELAVL1
AF131215.3,ELAVL1
NONHSAG049919,ELAVL1
NONHSAG050607,ELAVL1
NONHSAG050628,ELAVL1
NONHSAG050842,ELAVL1
NONHSAG051105,ELAVL1
RP11-383J24.5,ELAVL1
IL11RA,ELAVL1
FAM201A,ELAVL1
NONHSAG052620,ELAVL1
C9orf3,ELAVL1
NONHSAG053094,ELAVL1
RPI001_582290,ELAVL1
NONHSAG053115,ELAVL1
NONHSAG053450,ELAVL1
SPTAN1,ELAVL1
RPI001_582876,ELAVL1
NONHSAG051648,ELAVL1
C1orf132,ELAVL1
RPI001_584380,ELAVL1
RPI001_584681,ELAVL1
NONHSAG053004,ELAVL1
NONHSAG053208,ELAVL1
NONHSAG053232,ELAVL1
PPP1R26-AS1,ELAVL1
FLVCR1-AS1,ELAVL1
RP11-365D23.4,ELAVL1
RPI001_586795,ELAVL1
ZNF674-AS1,ELAVL1
MTND2P2,ELAVL1
NONHSAG055114,ELAVL1
NONHSAG055443,ELAVL1
RPI001_591093,ELAVL1
RP11-453F18__B.1,ELAVL1
HMGN1P37,ELAVL1
RP11-424G14.1,ELAVL1
NONHSAG001438,ELAVL1
NONHSAG004569,ELAVL1
RP11-435F13.2,ELAVL1
NONHSAG005501,ELAVL1
NONHSAG006244,ELAVL1
RP11-506M13.3,ELAVL1
RP11-475D12.2,ELAVL1
BEND7,ELAVL1
RP4-694A7.2,ELAVL1
NONHSAG006187,ELAVL1
NONHSAG006189,ELAVL1
NONHSAG006219,ELAVL1
TNKS2-AS1,ELAVL1
CCDC147-AS1,ELAVL1
NONHSAG006980,ELAVL1
RP13-137A17.4,ELAVL1
RP11-22P4.1,ELAVL1
NONHSAG008478,ELAVL1
RP11-21L23.2,ELAVL1
KCNQ1OT1,ELAVL1
NONHSAG008624,ELAVL1
RP11-727A23.5,ELAVL1
NONHSAG009373,ELAVL1
AP006216.11,ELAVL1
NONHSAG009800,ELAVL1
ZNF705A,ELAVL1
NONHSAG010635,ELAVL1
RP11-631N16.2,ELAVL1
NONHSAG012499,ELAVL1
PXN-AS1,ELAVL1
RP11-885B4.1,ELAVL1
RP11-359J14.2,ELAVL1
NONHSAG010766,ELAVL1
RP11-996F15.2,ELAVL1
NONHSAG011576,ELAVL1
NONHSAG011577,ELAVL1
RP11-412D9.4,ELAVL1
NONHSAG002433,ELAVL1
RP1-43E13.2,ELAVL1
NONHSAG012899,ELAVL1
RPI001_619532,ELAVL1
NONHSAG013350,ELAVL1
NONHSAG002552,ELAVL1
NONHSAG002553,ELAVL1
RBM26-AS1,ELAVL1
NONHSAG012900,ELAVL1
RP11-417J8.3,ELAVL1
NONHSAG013038,ELAVL1
PAN3-AS1,ELAVL1
NONHSAG013186,ELAVL1
NONHSAG013249,ELAVL1
LINC00339,ELAVL1
TPTE2P5,ELAVL1
NONHSAG013468,ELAVL1
NONHSAG013836,ELAVL1
NONHSAG014744,ELAVL1
NONHSAG015185,ELAVL1
RP11-718G2.5,ELAVL1
SIPA1L1,ELAVL1
NONHSAG015514,ELAVL1
DICER1-AS1,ELAVL1
CHD8,ELAVL1
NONHSAG014606,ELAVL1
NONHSAG015286,ELAVL1
NONHSAG015349,ELAVL1
SNHG10,ELAVL1
RP11-45P15.4,ELAVL1
RP11-752G15.6,ELAVL1
RP11-566K19.6,ELAVL1
RP11-680F8.4,ELAVL1
LOXL1-AS1,ELAVL1
NONHSAG003507,ELAVL1
RP11-386M24.6,ELAVL1
NONHSAG018857,ELAVL1
RP11-196G11.2,ELAVL1
RP11-452L6.7,ELAVL1
ZNF205-AS1,ELAVL1
NONHSAG019483,ELAVL1
NONHSAG019499,ELAVL1
RP11-529K1.2,ELAVL1
NONHSAG020013,ELAVL1
NONHSAG020114,ELAVL1
SUZ12P,ELAVL1
RP11-227G15.8,ELAVL1
NBR2,ELAVL1
MAP3K14-AS1,ELAVL1
CTC-462L7.1,ELAVL1
RP11-579O24.3,ELAVL1
RP11-619I22.1,ELAVL1
RP11-160O5.1,ELAVL1
MIR22HG,ELAVL1
RP1-59D14.3,ELAVL1
RP11-799D4.4,ELAVL1
NONHSAG021608,ELAVL1
MRPL45P2,ELAVL1
NONHSAG022087,ELAVL1
NONHSAG022343,ELAVL1
AMZ2P1,ELAVL1
ROCK1P1,ELAVL1
ANKRD20A5P,ELAVL1
GALNT1,ELAVL1
RPI001_645854,ELAVL1
MIR1-2,ELAVL1
CTB-92J24.2,ELAVL1
NONHSAG025662,ELAVL1
ZNF91,ELAVL1
AC005307.1,ELAVL1
CTC-523E23.1,ELAVL1
CTC-523E23.8,ELAVL1
AD000090.2,ELAVL1
NONHSAG025829,ELAVL1
NONHSAG026113,ELAVL1
NONHSAG026692,ELAVL1
NONHSAG027346,ELAVL1
RPI001_654597,ELAVL1
NONHSAG027670,ELAVL1
RPI001_656523,ELAVL1
AC009404.2,ELAVL1
AC018737.1,ELAVL1
NONHSAG029958,ELAVL1
TTN-AS1,ELAVL1
NONHSAG030056,ELAVL1
NONHSAG000838,ELAVL1
NONHSAG004522,ELAVL1
RPI001_659880,ELAVL1
NONHSAG026754,ELAVL1
RP11-254F7.2,ELAVL1
DISC1,ELAVL1
AC016747.3,ELAVL1
RPI001_662252,ELAVL1
NONHSAG027991,ELAVL1
NONHSAG028114,ELAVL1
NONHSAG028462,ELAVL1
NONHSAG029023,ELAVL1
NONHSAG004815,ELAVL1
NONHSAG030017,ELAVL1
RP11-410E4.1,ELAVL1
NONHSAG030085,ELAVL1
NONHSAG030338,ELAVL1
RP11-384O8.1,ELAVL1
RPI001_666981,ELAVL1
OSER1-AS1,ELAVL1
NONHSAG031084,ELAVL1
FAM182B,ELAVL1
RP11-169K16.9,ELAVL1
RP4-564F22.5,ELAVL1
U1,ELAVL1
RPI001_669620,ELAVL1
NONHSAG032813,ELAVL1
RPI001_669976,ELAVL1
AF127936.7,ELAVL1
LINC00158,ELAVL1
NONHSAG032559,ELAVL1
RPL23P2,ELAVL1
NONHSAG032760,ELAVL1
THAP7-AS1,ELAVL1
PPIL2,ELAVL1
RPI001_671377,ELAVL1
ISCA2P1,ELAVL1
RPI001_671896,ELAVL1
NONHSAG033608,ELAVL1
RP1-85F18.6,ELAVL1
NONHSAG034087,ELAVL1
CTA-217C2.1,ELAVL1
RP5-1092A3.4,ELAVL1
NONHSAG035165,ELAVL1
TMEM30C,ELAVL1
RP11-221J22.1,ELAVL1
RP11-18H7.1,ELAVL1
RP11-475N22.4,ELAVL1
LINC00969,ELAVL1
NONHSAG035158,ELAVL1
RP11-69E11.4,ELAVL1
MAGI1,ELAVL1
NONHSAG035370,ELAVL1
RP11-553L6.5,ELAVL1
NONHSAG001304,ELAVL1
NONHSAG036309,ELAVL1
RN7SL2,SF1
SNHG5,SF1
rprA,hfq
RUNXOR,RUNX1
RUNXOR,EZH2
rybB,hfq
ryeB,hfq
ryeE,hfq
rygB,hfq
ryhB,hfq
S66184,Sin3A
S74342,Sin3A
S77494,Sin3A
S81002,coREST
NONHSAG006477,Fas
Sat III lncRNA,SMARCA4
scAlu RNA,SRP14
scAlu RNA,SRP9
scAlu RNA,PolII
SCARNA10,EWSR1
SNHG10,EWSR1
SCARNA18.2,EWSR1
SCARNA2,EWSR1
SCARNA4,EWSR1
SChLAP1,SNF5
NONSCEG000026,TBP
NONSCEG000026,SRP54
NONSCEG000026,SRP101
NONSCEG000026,Lhp1
SNHG1,EWSR1
SNHG11,EWSR1
SNHG12,EWSR1
SNHG5,EWSR1
SNORA12,EWSR1
SNORA14B,EWSR1
SNORA21,EWSR1
SNORA22.3,EWSR1
SNORA23,EWSR1
SNORA33,EWSR1
SNORA42,EWSR1
SNORA44,EWSR1
SNORA46,EWSR1
SNORA48,EWSR1
SNORA53,EWSR1
SNORA60,EWSR1
SNORA61,EWSR1
SNORA62.4,EWSR1
SNORA64,EWSR1
SNORA65,EWSR1
SNORA66,EWSR1
SNORA68,EWSR1
SNORA71B,EWSR1
SNORA72,EWSR1
SNORA73A,EWSR1
SNORA73B,EWSR1
SNORA75,EWSR1
SNORA76,EWSR1
SNORA7A,EWSR1
SNORA7B,EWSR1
SNORA8,EWSR1
SNORA80B,EWSR1
SNORD10,EWSR1
SNORD100,EWSR1
SNORD101,EWSR1
SNORD104,EWSR1
SNORD105,EWSR1
SNORD105B,EWSR1
SNORD11,EWSR1
SNORD110,EWSR1
SNORD114-17,EWSR1
SNORD116-25,EWSR1
SNORD12,EWSR1
SNORD126,EWSR1
SNORD12C,EWSR1
SNORD13,EWSR1
SNORD14A,EWSR1
SNORD14D,EWSR1
SNORD14E,EWSR1
SNORD15A,EWSR1
SNORD15B,EWSR1
SNORD16,EWSR1
SNORD18A,EWSR1
SNORD18B,EWSR1
SNORD18C,EWSR1
SNORD19.1,EWSR1
SNORD19B.1,EWSR1
SNORD1A,EWSR1
SNORD1B,EWSR1
SNORD20,EWSR1
SNORD24,EWSR1
SNORD25,EWSR1
SNORD26,EWSR1
SNORD27,EWSR1
SNORD28,EWSR1
SNORD30,EWSR1
SNORD31,EWSR1
SNORD32A,EWSR1
SNORD33,EWSR1
SNORD34,EWSR1
SNORD35A,EWSR1
SNORD35B,EWSR1
SNORD36A,EWSR1
SNORD36C,EWSR1
SNORD37,EWSR1
SNORD38A,EWSR1
SNORD38B,EWSR1
SNORD42A,EWSR1
SNORD42B,EWSR1
SNORD44,EWSR1
SNORD46,EWSR1
SNORD47,EWSR1
SNORD48,EWSR1
SNORD49A,EWSR1
SNORD4A,EWSR1
SNORD4B,EWSR1
SNORD50A,EWSR1
SNORD54,EWSR1
SNORD56.6,EWSR1
SNORD57.1,EWSR1
SNORD58A,EWSR1
SNORD58B,EWSR1
SNORD58C,EWSR1
SNORD59A,EWSR1
SNORD59B,EWSR1
SNORD6,EWSR1
SNORD60,EWSR1
SNORD63.1,EWSR1
SNORD65,EWSR1
SNORD66,EWSR1
SNORD68,EWSR1
SNORD69,EWSR1
SNORD71,EWSR1
SNORD72,EWSR1
SNORD74,EWSR1
SNORD75,EWSR1
SNORD76,EWSR1
SNORD77,EWSR1
SNORD78,EWSR1
SNORD8,EWSR1
SNORD80,EWSR1
SNORD81,EWSR1
SNORD82,EWSR1
SNORD83A,EWSR1
SNORD83B,EWSR1
SNORD90,EWSR1
SNORD91A,EWSR1
SNORD91B,EWSR1
SNORD96A,EWSR1
SNORD99,EWSR1
snoU2-30.1,EWSR1
NONSCEG000032,RRP5
NONSCEG000032,Reb1
NONSCEG000032,Sen1
NONSCEG000047,Sen1
snR13,Nab3
snR13,AZF1
snR13,Nrd1
snR13,Sen1
snR13,Nop58
RPI001_722131,RAP1
RPI001_722131,Lhp1
snR190,Lhp1
snR190,RNT1
snR190,Nop58
snR3,Lhp1
NONSCEG000041,Sen1
snR31,Sen1
snR39B.2,EWSR1
snR4,Nop58
NONSCEG000038,Sen1
snR45,Sen1
NONSCEG000060,Sen1
SNR50,Nrd1
RPI001_747830,Nab3
Sox2dot,H3
SOX2OT,EWSR1
Sox2ot,Sox2
spot 42,hfq
SRA,NICD
SRA,Ddx5
sraC,hfq
sraD,hfq
sraE,hfq
sraH,hfq
sraJ,hfq
SRG1,SER3
SRG1,Spt2
SRG1,Spt6
SRG1,Cha4
ssrA,rpoD
sup-39,LET-502
Gm21960,TERRA
Gm21960,TERT
Gm21960,p53
Gm21960,TEP1
TERRA,TERT
TERRA,KDM1A
TFEB-Alpha,TARDBP
tie-1AS,TIE1
TINCR,Staufen1
TK105282,Bai3
TK111271,Lck
TK99129,Bai3
NONSCEG000004,mre11
NONSCEG000004,xrs2
NONSCEG000004,RAD50
NONSCEG000004,Est1
NONSCEG000004,RAD51
NONSCEG000004,YKU70
NONSCEG000004,Nab3
NONSCEG000004,Nrd1
NONSCEG000004,EST3
NONSCEG000004,YKU80
NONSCEG000004,EST2
Tmem14c,coREST
TRE1,Ash1
TRE2,Ash1
TRE3,Ash1
tRFs,BmAgo2
Tug-1,PRC2
TVASS,TARDBP
bxd,snRNP70K
U1,GTF2I
U1,RBM8A
U1,YWHAZ
U1,ACIN1
U1,ALDR
U1,AN32A
U1,ANP32B
U1,PRMT1
U1,ANX11
U1,ASSY
U1,BCLAF1
U1,BRE1A
U1,RNF40
U1,CD11B
U1,CLIC1
U1,CN166
U1,CFL1
U1,CPSF5
U1,CRNL1
U1,C19orf43
U1,CSNK2A1
U1,CTBL1
U1,DAZP1
U1,DDX5
U1,DNJC8
U1,DNJC9
U1,POLD1
U1,DPOD2
U1,ADAR
U1,DX39A
U1,DX39B
U1,DYL1
U1,ECM29
U1,ELAV1
U1,EWSR1
U1,FA50A
U1,FIP1
U1,FDPS
U1,FUBP2
U1,GNB2L1
U1,GEMI5
U1,GPATCH8
U1,GUAA
U1,HNRDL
U1,HNRH1
U1,HNRH2
U1,HNRH3
U1,HNRNPUL1
U1,HNRNPUL2
U1,HNRLL
U1,HNRNPD
U1,HNRNPF
U1,HNRPG
U1,hnRNPL
U1,hnRNPM
U1,SYNCRIP
U1,HNRNPR
U1,HNRNPU
U1,HSP74
U1,IDHC
U1,IF2B1
U1,IGF2BP3
U1,eIF4AIII
U1,EIF4G1
U1,IF4H
U1,EIF5A
U1,K1967
U1,KAD1
U1,KHDR1
U1,KI67
U1,SSB
U1,LAP2A
U1,LC7L2
U1,LC7L3
U1,LEG3
U1,LKHA4
U1,MARE1
U1,RNMT
U1,MAT2A
U1,MGN
U1,MINT
U1,MRE11
U1,MRT4
U1,EMG1
U1,NOG1
U1,NPM1
U1,NCL
U1,PABPC1
U1,PABPN1
U1,SERBP1
U1,PDIP3
U1,PIMT
U1,PNN
U1,PM14
U1,PNPH
U1,PPP1CA
U1,PPAC
U1,PPHLN
U1,PR38A
U1,PR38B
U1,PFN1
U1,PRP16
U1,PRPF19
U1,PRP31
U1,PRP4B
U1,PRPF6
U1,PRP8
U1,RALY
U1,RB12B
U1,TAF15
U1,RECQ1
U1,RED
U1,RFA1
U1,RFA2
U1,RL10
U1,RL10A
U1,RPL17
U1,RPL22
U1,RL23
U1,RPL23A
U1,RL26
U1,RL27
U1,RL3
U1,RPL30
U1,RL31
U1,RL32
U1,RL4
U1,RPL5
U1,RL7
U1,RPL7A
U1,RNZ2
U1,HNRNPA0
U1,HNRNPA1
U1,MOV10
U1,HNRNPA3
U1,RPB1
U1,RPB2
U1,RPB7
U1,RPR1A
U1,RPRD1B
U1,RRP44
U1,RS10
U1,RS12
U1,RS13
U1,RPS14
U1,RS15A
U1,RS17
U1,RS18
U1,RPS3
U1,RS3A
U1,RS4X
U1,RS6
U1,RS7
U1,RS8
U1,SNRPN
U1,SNRNP70
U1,RU1C
U1,SNRPA1
U1,RUVBL2
U1,RUXE
U1,RUXF
U1,RUXG
U1,S10A4
U1,S100A11
U1,SAP30BP
U1,SAE2
U1,SAFB1
U1,SAHH
U1,SERC
U1,SF1
U1,NANS
U1,SK2L2
U1,SMARCA4
U1,SMARCA5
U1,SmD1
U1,SNRPD2
U1,SmD3
U1,SMN
U1,SNR40
U1,SART1
U1,SNUT2
U1,SUPT16H
U1,SPB6
U1,BCAS2
U1,SPF45
U1,SPS1
U1,SPT5H
U1,SPT6H
U1,SR140
U1,SRp38
U1,SRS11
U1,SYF1
U1,T2FB
U1,TARDBP
U1,TCP4
U1,TCRG1
U1,TF3C1
U1,TF3C4
U1,TFP11
U1,TXN
U1,TIAL1
U1,TRIM28
U1,TPI1
U1,TR150
U1,TRA2A
U1,TYSY
U1,SNRNP200
U1,U5S1
U1,UBE2M
U1,UBE2I
U1,USP5
U1,UBP7
U1,VIR
U1,XPO2
U1,YBOX1
U1,YTDC1
U1,ZC11A
U1,ZFC3H1
U1,ZC3HD
U1,ZC3HE
U1,ZC3H18
U1,ZN326
U1,ZN638
U1,EIF3F
U1,SAP18
U1,CHD1
U1,HAT1
U1,CRM1
U1,BTAF1
U1,HMGB3
U1,DHX15
U1,PRPF3
U1,PPIH
U1,PLRG1
U1,BUB3
U1,AKAP8
U1,DHX16
U1,AQR
U1,PQBP1
U1,DKC1
U1,AHRR
U1,SAP155
U1,KIF4A
U1,LMNA
U1,CDK1
U1,LDHB
U1,ANXA6
U1,ANXA5
U1,SNRPA
U1,HMGB1
U1,PARP1
U1,TOP1
U1,TOP2A
U1,PCNA
U1,TPR
U1,ANXA3
U1,XRCC6
U1,XRCC5
U1,SON
U1,PGAM1
U1,RCC1
U1,ANXA7
U1,UBA1
U1,TCEA1
U1,PSF
U1,MCM3
U1,S100P
U1,DNMT1
U1,U2AF2
U1,HMGB2
U1,PTBP1
U1,APEX1
U1,TKT
U1,PRDX6
U1,PEBP1
U1,CSTF2
U1,MCM4
U1,MCM5
U1,MCM7
U1,FUS
U1,DEK
U1,PGM1
U1,SRP14
U1,COIL
U1,FEN1
U1,BUD31
U1,MATR3
U1,MSH2
U1,NASP
U1,MCM2
U1,YLPM1
U1,RBM25
U1,HINT1
U1,HDGF
U1,NCBP2
U1,MSH6
U1,THOP1
U1,MFAP1
U1,ARF3
U1,PSME3
U1,RAN
U1,GRB2
U1,TRA2B
U1,SKP1
U1,RBM6
U1,PRKDC
U1,SARNP
U1,ERH
U1,SRp20
U1,U2AF1
U1,SET
U1,SFRS2
U1,CSTF1
U1,SFRS1
U1,SRSF4
U1,DHX9
U1,SSRP1
U1,SAKI
U1,NCBP1
U1,CPSF1
U1,SAP61
U1,ILF2
U1,ILF3
U1,CSTF3
U1,CBX3
U1,SRSF9
U1,SRSF5
U1,SRSF6
U1,PPIG
U1,SF3B2
U1,PIN1
U1,SNW1
U1,CUL4A
U1,CIRBP
U1,SAFB2
U1,RBM39
U1,HLTF
U1,DHX8
U1,MCM6
U1,SMC1A
U1,CHD4
U1,IL18BP
U1,SART3
U1,DBHS
U1,RNPS1
U1,PCBP1
U1,SF3B3
U1,SAP62
U1,SAP114
U1,DDB1
U1,RBBP7
U1,SFRS7
U1,CPSF6
U1,PDS5A
U1,TSR1
U1,SMU1
U1,RBM26
U1,CDC73
U1,CTR9
U1,WDR82
U1,BZW1
U1,RSRC2
U1,RBBP6
U1,CAND1
U1,DDX42
U1,CHERP
U1,SUGP2
U1,CCAR1
U1,SRm160
U1,CARF
U1,CPSF7
U1,PAF1
U1,PSPC1
U1,DDX1
U1,SYMPK
U1,RAD50
U1,CELF1
U1,GPKOW
U1,TNPO1
U1,FUBP3
U1,RBM14
U1,QKI
U1,RBM15
U1,PNKP
U1,CDC5L
U1,DDX23
U1,RBM4
U1,SRRT
U1,SETD2
U1,WDR33
U1,XRN2
U1,DDX47
U1,PHAX
U1,XPO5
U1,NCOA5
U1,LUC7L
U1,DDX21
U1,MBNL1
U1,RBM12
U1,MDN1
U1,FANCI
U1,RBM22
U1,WDR70
U1,SLTM
U1,CWC15
U1,RCC2
U1,BCCIP
U1,NXF1
U1,DDX20
U1,PUF60
U1,DDX41
U1,SRRM2
U1,PA2G4
U1,SMC3
U1,WBP11
U1,NOSIP
U1,PPIL1
U1,RTCB
U1,hnRNPC
U1,p68 RNA helicase
U1,TBP
U1,CRIP2
U1,Lsm3
U1,Lsm6
U1,LSM7
U1,LSM2
U1,LSM4
U1,SmB
U1,snrpa
U1,SmN
U1,Snrp1C
U1,70kDa
NONSCEG000049,Prp8
NONSCEG000049,Nrd1
NONSCEG000049,Snp1
U14,DBP4
U14,Lhp1
U14,RNT1
U14,Nop58
U18,Nop58
U182,Tyr503
U187,Phe355
U2,SRp54
U2,PUF60
U2,GTF2I
U2,RBM8A
U2,GCFC1
U2,1433T
U2,YWHAZ
U2,ACIN1
U2,ALDR
U2,AN32A
U2,ANP32B
U2,PRMT1
U2,ARGL1
U2,ASSY
U2,BCLAF1
U2,BRE1A
U2,RNF40
U2,C19L2
U2,CD11B
U2,C9orf78
U2,CN166
U2,CFL1
U2,CPSF5
U2,CRNL1
U2,C19orf43
U2,CSNK2A1
U2,CSK22
U2,CSK2B
U2,CT043
U2,CTBL1
U2,DAZP1
U2,DDX5
U2,DJC17
U2,DNJC8
U2,DNJC9
U2,DNLI3
U2,POLD1
U2,ADAR
U2,DX39A
U2,DX39B
U2,ECM29
U2,ELAV1
U2,EZR
U2,FA50A
U2,FBL
U2,FKB1A
U2,FUBP2
U2,GEMI5
U2,GPATCH8
U2,GUAA
U2,HNRDL
U2,HNRH1
U2,HNRH2
U2,HNRH3
U2,HNRNPUL1
U2,HNRNPUL2
U2,HNRNPD
U2,HNRNPF
U2,HNRPG
U2,hnRNPL
U2,hnRNPM
U2,SYNCRIP
U2,HNRNPR
U2,HNRNPU
U2,HSP74
U2,HTSF1
U2,IDHC
U2,eIF4AIII
U2,EIF5A
U2,KIAA0947
U2,K1967
U2,KAD1
U2,KHDR1
U2,KI67
U2,SSB
U2,LAP2A
U2,LC7L2
U2,LC7L3
U2,LEG3
U2,LKHA4
U2,MDHC
U2,MGN
U2,MRE11
U2,MRT4
U2,NADAP
U2,EMG1
U2,NHP2L1
U2,NPM1
U2,NCL
U2,PABPC1
U2,PAPS2
U2,PCNP
U2,PNN
U2,PM14
U2,PNPH
U2,PPP1CA
U2,PR38A
U2,PFN1
U2,PRP16
U2,PRP17
U2,PRPF19
U2,PRP31
U2,PRP4B
U2,PRPF6
U2,PRP8
U2,RALY
U2,TAF15
U2,RECQ1
U2,RED
U2,RFA1
U2,RFA2
U2,RPL5
U2,HNRNPA0
U2,HNRNPA1
U2,MOV10
U2,HNRNPA3
U2,RPB1
U2,RPRD1B
U2,RRP44
U2,RPS3
U2,RS3A
U2,SNRPN
U2,SNRNP70
U2,SNRPA1
U2,SNRPB2
U2,RUVBL2
U2,RUXE
U2,RUXF
U2,RUXG
U2,S10A4
U2,SAE2
U2,SERC
U2,SF1
U2,NANS
U2,SK2L2
U2,SMARCA4
U2,SMARCA5
U2,SmD1
U2,SNRPD2
U2,SmD3
U2,SMN
U2,SNR40
U2,SART1
U2,SNUT2
U2,SUPT16H
U2,BCAS2
U2,SMNDC1
U2,SPF45
U2,SPS1
U2,SPT5H
U2,SPT6H
U2,SR140
U2,SRP09
U2,SRp38
U2,SRS11
U2,SYF1
U2,T2FB
U2,TARDBP
U2,TCP4
U2,TCRG1
U2,TF3C1
U2,TFP11
U2,TXN
U2,TRIM28
U2,TPI1
U2,TR112
U2,TR150
U2,TRA2A
U2,TRIM33
U2,TYSY
U2,SNRNP200
U2,U5S1
U2,USP5
U2,UBP7
U2,VIR
U2,XPO2
U2,ZC11A
U2,ZFC3H1
U2,ZC3HE
U2,ZC3H18
U2,ZN326
U2,SAP18
U2,NOP56
U2,CHD1
U2,PDCD5
U2,HAT1
U2,CRM1
U2,BTAF1
U2,PPM1G
U2,DHX15
U2,PRPF3
U2,PPIH
U2,PLRG1
U2,BUB3
U2,DHX16
U2,AQR
U2,PQBP1
U2,DKC1
U2,TBCA
U2,SAP155
U2,KIF4A
U2,IPO7
U2,SYF2
U2,LMNA
U2,CDK1
U2,ANXA6
U2,ANXA5
U2,SNRPA
U2,HMGB1
U2,PARP1
U2,TOP1
U2,TOP2A
U2,PCNA
U2,TPR
U2,ANXA3
U2,XRCC6
U2,XRCC5
U2,MIF
U2,CBR1
U2,SON
U2,PGAM1
U2,UBA1
U2,TCEA1
U2,PSF
U2,MCM3
U2,S100P
U2,DNMT1
U2,U2AF2
U2,HMGB2
U2,PTBP1
U2,APEX1
U2,TKT
U2,PRDX6
U2,PEBP1
U2,CSTF2
U2,MCM4
U2,MCM5
U2,MCM7
U2,RFC4
U2,FUS
U2,SRP14
U2,COIL
U2,FEN1
U2,RFC5
U2,BUD31
U2,MATR3
U2,MSH2
U2,MCM2
U2,YLPM1
U2,RBM25
U2,HINT1
U2,HDGF
U2,NCBP2
U2,MSH6
U2,THOP1
U2,MFAP1
U2,PSME3
U2,Lsm3
U2,Lsm6
U2,RAN
U2,GRB2
U2,TRA2B
U2,PRKDC
U2,SARNP
U2,ERH
U2,SRp20
U2,U2AF1
U2,SET
U2,SFRS2
U2,TOP2B
U2,SFRS1
U2,DHX9
U2,SSRP1
U2,SAKI
U2,NCBP1
U2,CPSF1
U2,SAP61
U2,ILF2
U2,ILF3
U2,CSTF3
U2,CBX3
U2,SRSF9
U2,SRSF6
U2,ATM
U2,PPIL2
U2,PPIG
U2,SF3B2
U2,PIN1
U2,SNW1
U2,CIRBP
U2,SAFB2
U2,RBM39
U2,HLTF
U2,DHX8
U2,MCM6
U2,SMC1A
U2,CHD4
U2,NOLC1
U2,IL18BP
U2,SART3
U2,DBHS
U2,RNPS1
U2,PCBP1
U2,SF3B3
U2,SAP49
U2,SAP62
U2,SAP114
U2,DDB1
U2,RBBP7
U2,SFRS7
U2,CPSF6
U2,PDS5A
U2,SMU1
U2,RBM26
U2,CDC73
U2,CTR9
U2,PHF5A
U2,RBBP6
U2,CAND1
U2,DDX42
U2,CHERP
U2,CCAR1
U2,SRm160
U2,PPIL4
U2,PSPC1
U2,DDX1
U2,PRCC
U2,SYMPK
U2,RAD50
U2,TNPO1
U2,PPWD1
U2,TOE1
U2,FUBP3
U2,ZMAT2
U2,RBM14
U2,PUS7
U2,TGS1
U2,RBM15
U2,CDC5L
U2,MCMBP
U2,DDX23
U2,RBM4
U2,SF3B5
U2,SRRT
U2,SETD2
U2,XRN2
U2,XPO5
U2,CWC22
U2,NOP10
U2,DDX21
U2,SMC4
U2,RBM12
U2,MDN1
U2,FANCI
U2,RBM22
U2,WDR70
U2,CWC15
U2,RCC2
U2,DDX20
U2,PUF60
U2,DDX41
U2,NUDT5
U2,ISY1
U2,PPIE
U2,SRRM2
U2,SMC3
U2,WBP11
U2,NOP58
U2,NOSIP
U2,PPIL1
U2,RTCB
U2,LSM4
U2,hnRNPC
U2,SAP130
U2,LSM7
U2,LSM2
U2,P14
U2,pPTB
U2,SF3b
U2,Prp8
U2,Lhp1
U2,Nrd1
U2,CUS2
U205,Trp477
U24,Nop58
U3,NOP56
U3,MPP10
U3,U3-55K
U3,SSB
U3,TGS1
U3,NOP58
U3,Ncl
U3,P110
NONSCEG000058,Nop1
NONSCEG000058,Pwp2
NONSCEG000058,IMP3
NONSCEG000058,SOF1
NONSCEG000058,UTP11
NONSCEG000058,UTP9
NONSCEG000058,SNU13
NONSCEG000058,UTP7
NONSCEG000058,UTP10
NONSCEG000058,MPP10
NONSCEG000058,UTP8
NONSCEG000058,IMP4
NONSCEG000058,UTP6
NONSCEG000058,UTP17
NONSCEG000058,UTP5
NONSCEG000058,Dhr1p
NONSCEG000058,UTP15
NONSCEG000058,UTP14
NONSCEG000058,RRP5
NONSCEG000058,UTP13
NONSCEG000058,Rrp9
NONSCEG000058,UTP4
NONSCEG000058,UTP16
NONSCEG000058,UTP3
NONSCEG000058,UTP12
NONSCEG000058,Nop56
NONSCEG000058,Nop58
NONSCEG000058,UTP2
U4,NHP2L1
U4,Lsm3
U4,Lsm6
U4,Tri-snRNP 27kD
U4,GEMI5
U4,PRPF31
U4,SNUT2
U4,LSM7
U4,LSM2
U4,LSM4
snR3,PRP6
snR3,PRP4
snR3,Prp8
snR3,LSM2
snR3,SNU13
snR3,LSM4
snR3,LSM5
snR3,LSM8
snR3,PRP24
snR3,LSM7
snR3,LSM3
snR3,Prp3
snR3,LSM6
snR3,SNU16
snR3,SNU23
RNU5E-1,PSF
RNU5E-1,Lsm3
RNU5E-1,Lsm6
RNU5E-1,DBHS
RNU5E-1,Tri-snRNP 27kD
RNU5E-1,PRPF8
RNU5E-1,SNUT2
RNU5E-1,LSM7
RNU5E-1,LSM2
RNU5E-1,LSM4
NONSCEG000033,PRP28
NONSCEG000033,Bud31
NONSCEG000033,Prp8
NONSCEG000033,Lhp1
NONSCEG000033,PRP18
NONSCEG000033,SNU114
NONSCEG000033,LSM2
NONSCEG000033,SNU13
NONSCEG000033,LSM4
NONSCEG000033,LSM5
NONSCEG000033,Prp17
NONSCEG000033,LSM8
NONSCEG000033,LSM7
NONSCEG000033,LSM3
NONSCEG000033,LSM6
NONSCEG000033,SNU16
NONSCEG000033,SNU23
U6,Bdp1
U6,LSM1
U6,PPIH
U6,LSM8
U6,SSB
U6,POU2F1
U6,NHP2L1
U6,Lsm3
U6,Lsm6
U6,Tri-snRNP 27kD
U6,Staf
U6,PRPF31
U6,SNUT2
U6,LSM7
U6,LSM2
U6,LSM5
U6,LSM4
U6,NHP6A
U6,NHP6B
U6,PRP16
U6,Bud31
U6,Prp8
U6,Lhp1
U6,SNU13
U6,LSM4
U6,LSM5
U6,LSM8
U6,PRP24
U6,LSM7
U6,PRP38
U6,LSM6
U6,SNU16
U6,SNU23
U7,H4
U7,COIL
U7,LSM11
U7,SLBP
U7,LSM10
U7,SLBP
U76,Fbl
U8.4,EWSR1
SCARNA10,GAR1
SCARNA10,FBL
uc.308-,coREST
uc.63-,coREST
CUDR,p27(Kip1)
CUDR,hnRNPI
Vax2os,Crx
Vax2os,Nrl
vRNA,SSB
vRNA,TEP1
WRAP53,TP53
X05699,Sin3A
X93219,coREST
Xist,Celf1
Xist,Ciz1
Xist,Ddx17
Xist,Ddx39a
Xist,Ddx39b
Xist,Ddx5
Xist,Dhx9
Xist,Eif4a3
Xist,Elavl1
Xist,Erh
Xist,Fubp3
Xist,Fus
Xist,Hmgb1
Xist,Hnrnpa0
Xist,Hnrnpa1
Xist,Hnrnpa2b1
Xist,Hnrnpa3
Xist,Hnrnpab
Xist,Hnrnpc
Xist,Hnrnpd
Xist,Hnrnph3
Xist,hnRNP-K
Xist,Hnrnpl
Xist,Hnrnpm
Xist,Hnrnpr
Xist,Hnrnpu
Xist,Hnrnpul2
Xist,Hnrpdl
Xist,Hnrpll
Xist,Igf2bp1
Xist,Igf2bp3
Xist,Ilf2
Xist,Ilf3
Xist,Khdrbs1
Xist,Khsrp
Xist,L1td1
Xist,Lin28a
Xist,Matr3
Xist,Mybbp1a
Xist,Myef2
Xist,Nono
Xist,Pcgf5
Xist,Poldip3
Xist,Ptbp1
Xist,Ptbp2
Xist,Raly
Xist,Rbfox2
Xist,Rbm14
Xist,Rbm15
Xist,Rbm3
Xist,Rbm4
Xist,Rbmxl1
Xist,RING1B
Xist,Rnf20
Xist,Rnmt
Xist,Rybp
Xist,Safb
Xist,Safb2
Xist,Sap18
Xist,Sarnp
Xist,Sfpq
Xist,Sltm
Xist,Spen
Xist,Srrt
Xist,Srsf10
Xist,Srsf2
Xist,Srsf3
Xist,Srsf5
Xist,Srsf7
Xist,Srsf9
Xist,Ssb
Xist,Syncrip
Xist,Tardbp
Xist,Thoc4
Xist,Tra2b
Xist,Trim6
Xist,Trim71
Xist,Wtap
Xist,Xrn2
Xist,Ythdc1
Xist,Zfr
XR_005433,Sin3A
XR_005513,Sin3A
XR_005513,coREST
XR_005561,coREST
XR_005617,Sin3A
XR_005636,Sin3A
XR_005733,Sin3A
XR_005800,Sin3A
XR_005868,Sin3A
XR_006148,Sin3A
XR_006309,Sin3A
XR_006612,Sin3A
XR_006768,Sin3A
XR_006778,Sin3A
XR_007040,Sin3A
XR_007101,Sin3A
XR_007247,Sin3A
XR_007265,Sin3A
XR_007305,Sin3A
XR_007321,Sin3A
XR_007355,coREST
XR_007384,Sin3A
XR_007404,Sin3A
XR_007454,Sin3A
XR_007454,coREST
XR_007499,Sin3A
XR_007929,Sin3A
XR_007959,Sin3A
XR_008036,Sin3A
XR_008147,coREST
XR_008295,Sin3A
XR_008508,coREST
XR_008555,Sin3A
XR_008741,Sin3A
XR_008769,Sin3A
XR_008791,coREST
XR_008876,Sin3A
XR_008939,Sin3A
XR_008939,coREST
XR_009083,Sin3A
XR_009151,Sin3A
XR_009193,coREST
XR_009451,Sin3A
XR_009582,Sin3A
XXbac-B444P24.8,TRMT2A
mer11c,hPSF
mer11c,GAGE6
MALAT1,hPSF
MALAT1,GAGE6
l1pa16,hPSF
l1pa16,GAGE6
TSIX,Oct1
h19,IGF2BP3
h19,IGF2BP2
h19,IGF2BP1
KCNQ1OT1,IGR2
KCNQ1OT1,CDKN1C
mdm2-as,H2AFX
mdm2-as,CDKN1A
mdm2-as,BCL2
mdm2-as,BBC3
mdm2-as,BAX
mdm2-as,AR
TINCR,STAU1
XIST,NXF1
XIST,HNRNPU
Y3 RNA,APOBEC3F
CDKN2B-AS1,STAT1
h19,IMP3
h19,IMP1
Y3 RNA,ZBP1
MALAT1,SRSF9
MALAT1,SFRS7
MALAT1,SRSF6
MALAT1,SRSF5
MALAT1,SRSF4
MALAT1,SRp20
MALAT1,SFRS2
MALAT1,SRS11
gtl2,DLK1
MALAT1,CASP8
MALAT1,CASP3
MALAT1,BCL2L1
MALAT1,BCL2
MALAT1,BAX
HIF1A-AS2,HIF1A
tie-1as,TIE1
uc.460,TP53
uc.446,TP53
uc.379,TP53
uc.364,TP53
uc.350,TP53
uc.347,TP53
uc.279,TP53
AIRN,EHMT2
茂驴陆MYCN,MYCN
mycnos,MYCN
PINK1-AS,PINK1
CUDR,CREB1
CUDR,AKT1
PCA3,PMEPA1
PCA3,NDRG1
PCA3,KLK3
PCA3,FGF8
PCA3,CDK1
XIST,BRCA1
LINC-RoR,PTBP1
GAS5,Mtor
BC200,SYNCRIP
PANDAR,NFYA
MBII-52,NCL
MBII-52,ELAVL1
AIRN,IGF2R
NONHSAG033244,REST
ANKHD1-EIF4EBP3,NM23
h19,FGF18
h19,ANG
RPPH1,RPP38
RPPH1,RPP30
RPPH1,RPP29
RPPH1,RPP21
UCN2,SRP9
UCN2,SRP14
BC200,BC1
MIR1792,MYC
MEG3,MDM2
MEG3,cyclic AMP
MALAT1,AGO2
MALAT1,TARDBP
MALAT1,PRPF6
MALAT1,PRC2
HULC,CREB1
hTR,PCNA
HOTAIR,EED
TP53TG1,TP53
SOX2-OT,Sox2
PCGEM1,PARP1
nkx2.2as,NKX2-2
GNAS-AS1,GNAS
HFE antisense RNA,HFE
BDNF-AS,BDNF
CUDR,CASP3
antisense mRNAs of HAS2,HAS2
antisense c-myc RNA,MYC
iNOS AS,iNOS
RPS6KA2-AS1,RPS6KA2
DISC2,DISC1
ANCR,Runx2
HAS2-AS1 RNA,HAS2
91H,INS
Msx1 AS RNA,Msx1
CDKN1C-AS,CDKN1C
HBII-180C,FGFR3
NKX2-2-AS1,NKX2-2
TrxR antisense RNA,TERT
GlmY,glmS
GlmZ,glmS
anti-NOS2A RNA,iNOS
HIF1A-AS1,HIF1A
Cop2-as,Cop2
KCNQ1OT1,KCNQ1
IPW,UBE3A
COPG2IT1,COPG2
COPG2IT1,Peg1
NUDT6,FGF7
NONHSAG013514,RFP2
HOTAIR,HOXD11
HOTAIR,HOXD8
HOTAIR,HOXD9
VTRNA2-1,MCL1
ZEB2-AS1,ZEB2
antisense N-myc RNA,MYCN
PEG3-AS1,PEG11
CLC gal4,GAL4
BOK-AS1,BOK
antisense BCMA RNA,TNFRSF17
DLG2-AS1,DLG2
PEG3-AS1,PEG3
ANKHD1-EIF4EBP3,MYOD1
E2F4 antisense,E2F4
SCAANT1,ATXN7
ATXN8OS,KLHL11
TrxR antisense RNA,TXNRD2
TrxR antisense RNA,TXNRD1
TrxR antisense RNA,TXNRD3
C6orf3,TRAF3IP2
CDKN2B-AS1,DAB2IP
21A,CENPF
BANCR,CXCL11
ncRNA B2,NEDD9
CDKN1A-AS1,CDKN1A
TrxR antisense RNA,BCL2
lincRNA-p21,CTNNB1
lincRNA-p21,JUNB
DIO3OS,DIO3
NPPA-AS1,NPPA
IGF2-AS,INS
SMAD5-AS1,SMAD5
DHRS4-AS1,DHRS4
DHRS4-AS1,DHRS4L2
DHRS4-AS1,DHRS4L1
IFNG-AS1,IFNG
WT1-AS,WT1
Gm21960,H4
bxd,PSI
bxd,snf
bxd,cycH
bxd,SC35
bxd,SF2
U1,c-met
U1,IL8
U1,IL6
U1,HGF
U1,HLA-DQB1
U1,TP53
U1,SmB
U1,TFIIH
U1,SmF
U1,PSE-binding protein
U1,HMGA1
U1,DDX46
U1,HLA-DRB1
U1,SmG
U1,ASF
U1,SmE
U1,SmF
U1,SmD1
U1,SmD2
U1,SmD3
U1,Sfrs1
U1,SmG
NONSCEG000049,SME1
NONSCEG000049,MUD1
NONSCEG000049,PRP40
NONSCEG000049,PRP39
NONSCEG000049,SMB1
NONSCEG000049,SMX2
NONSCEG000049,SMD3
NONSCEG000049,SNU71
NONSCEG000049,SMX3
NONSCEG000049,NAM8
NONSCEG000049,SMD1
NONSCEG000049,PRP42
NONSCEG000049,SNU56
NONSCEG000049,YHC1
NONSCEG000049,SMD2
NONSCEG000049,LUC7
U14,hsc70
SNORD15A,RPS3
U2,uaf-1
U2,U2AF35
bxd,U2af50
bxd,U2af38
bxd,U2A
U2,TP53
U2,SP1
U2,SmB
U2,SmF
U2,DDX46
U2,SmG
U2,Ssa2
U2,SmB
U2,Snrpa1
U2,SmE
U2,SmF
U2,SmD1
U2,SmD2
U2,SmD3
U2,U2af2
U2,SF3a
U2,SmG
U2,Snrpb2
U2,U2af1
U2,CUGBP2
U2,PRP9
U2,PRP5
U2,PRP21
U2,SME1
U2,SMB1
U2,SMX2
U2,IST3
U2,MSL1
U2,SMD3
U2,HSH155
U2,SMX3
U2,SMD1
U2,CUS1
U2,RSE1
U2,SMD2
U2,PRP11
U2,LEA1
U2,HSH49
U3,CRM1
U3,NCL
U3,IMP4
U3,PHAX
U3,IMP3
U3,FBL
U3,Rnu3ip2
U4,PRPF4
U4,PPIH
U4,SMNDC1
U4,SmB
U4,RUXE
U4,SmD1
U4,SNRPD2
U4,SmD3
U4,SmF
U4,p110
U4,SmG
U4,SmB
U4,SmE
U4,SmF
U4,SmD1
U4,SmD2
U4,SmD3
U4,Prpf31
U4,SmG
snR3,SME1
snR3,BRR2
snR3,PRP18
snR3,SNU114
snR3,SPP381
snR3,SMB1
snR3,SMX2
snR3,SMD3
snR3,PRP31
snR3,SMX3
snR3,PRP38
snR3,SMD1
snR3,SMD2
snR3,SNU66
RNU5E-1,SNRNP200
RNU5E-1,PRPF6
RNU5E-1,SmB
RNU5E-1,RUXE
RNU5E-1,SmD1
RNU5E-1,SNRPD2
RNU5E-1,SmD3
RNU5E-1,U5-15KD
RNU5E-1,SmF
RNU5E-1,PRP4B
RNU5E-1,U5S1
RNU5E-1,SNR40
RNU5E-1,DDX23
RNU5E-1,SmG
U5,SmB
U5,SmE
U5,SmF
U5,SmD1
U5,SmD2
U5,SmD3
U5,Txnl4
U5,Prpf31
U5,SmG
NONSCEG000033,PRP6
NONSCEG000033,PRP4
NONSCEG000033,SME1
NONSCEG000033,BRR2
NONSCEG000033,SPP381
NONSCEG000033,SMB1
NONSCEG000033,SMX2
NONSCEG000033,SMD3
NONSCEG000033,PRP31
NONSCEG000033,SMX3
NONSCEG000033,PRP38
NONSCEG000033,SMD1
NONSCEG000033,Prp3
NONSCEG000033,SMD2
NONSCEG000033,SNU66
U6,hnRNPC
U6,TBP
U6,SMN
U6,PSE-binding protein
U6,NS-1
U6,SmN
U6,Prpf31
U6,LSM4
U6,PRP6
U6,PRP4
U6,BRR2
U6,PRP18
U6,SNU114
U6,LSM2
U6,SPP381
U6,PRP31
U6,LSM3
U6,Prp3
U6,SNU66
U6atac,NS-1
U7,Dmd
vRNA,MVP
dicF,dicB
dicF,ftsZ
dicF,rne
dsrA,dsrB
h19,TNNT3
h19,TXN
h19,POMC
h19,PRL
h19,HGF
H19,PCNA
H19,Pou5f1
H19,ERalpha
H19,H4
hsr-omega,sxl
hsr-omega,hsp70
hsr-omega,hsp83
hY1,Ro52
hY3,SSB
hY3,Ro60
hY4,SSB
hY4,Ro60
hY5,SSB
hY5,Ro60
IPW,SNRPN
MESTIT1,MEST
mgrR,Hfq
micF,ompF
micF,rob
micF,hns
Nron,IQGAP
oxyS,oxyR
PCGEM1,AR
aHIF,HIF1A
rdlA,ldrA
rdlB,ldrB
rdlC,ldrC
rdlD,ldrD
roX2,sxl
6S,rpoS
7SK,SSB
7SK,POU2F1
7SK,BRF1
7SK,c-myc
7SL,SRP72
7SL,SRP14
7SL,SRP9
7SL,SRP68
7SLRNA,srp19
7SLRNA,srp54k
7SLRNA,srp9
7SLRNA,srp68
BC1,NF-L
BC1,Purb
BC1,Pura
BC1,Tsn
bxd,hb
bxd,pc
bxd,trx
bxd,ash1
rprA,rcsB
rprA,rpoS
ryhB,ftnA
ryhB,acnA
ryhB,sdhB
ryhB,fumA
ryhB,sdhC
ryhB,sodB
ryhB,sdhD
ryhB,bfr
ryhB,sdhA
ryhB,rne
ryhB,rpoD
spot 42,galK
ssrA,smpB
ssrA,prs
NONSCEG000004,GBP2
LSR1,GBP2
NONSCEG000009,GBP2
NONSCEG000023,GBP2
NONSCEG000024,GBP2
RPI002_014201,GBP2
NONSCEG000026,GBP2
NONSCEG000031,GBP2
NONSCEG000032,GBP2
NONSCEG000036,GBP2
NONSCEG000037,GBP2
NONSCEG000038,GBP2
NONSCEG000041,GBP2
RPI001_765075,GBP2
NONSCEG000046,GBP2
NONSCEG000047,GBP2
NONSCEG000048,GBP2
NONSCEG000049,GBP2
NONSCEG000051,GBP2
NONSCEG000052,GBP2
NONSCEG000057,GBP2
NONSCEG000058,GBP2
NONSCEG000060,GBP2
NONSCEG000062,GBP2
RPI002_014204,HEK2
NONSCEG000026,HEK2
NONSCEG000036,HEK2
NONSCEG000048,HEK2
NONSCEG000055,HEK2
LSR1,HRP1
NONSCEG000009,HRP1
NONSCEG000021,HRP1
NONSCEG000024,HRP1
NONSCEG000026,HRP1
NONSCEG000032,HRP1
NONSCEG000041,HRP1
NONSCEG000046,HRP1
NONSCEG000048,HRP1
NONSCEG000058,HRP1
LSR1,MEX67
NONSCEG000026,MEX67
NONSCEG000033,MEX67
NONSCEG000041,MEX67
NONSCEG000058,MEX67
LSR1,MTR4
NONSCEG000023,MTR4
NONSCEG000024,MTR4
NONSCEG000026,MTR4
NONSCEG000032,MTR4
NONSCEG000041,MTR4
NONSCEG000047,MTR4
NONSCEG000048,MTR4
NONSCEG000049,MTR4
NONSCEG000058,MTR4
NONSCEG000062,MTR4
NONSCEG000004,NAB2
LSR1,NAB2
NONSCEG000009,NAB2
NONSCEG000021,NAB2
NONSCEG000023,NAB2
NONSCEG000024,NAB2
NONSCEG000026,NAB2
NONSCEG000032,NAB2
NONSCEG000033,NAB2
NONSCEG000036,NAB2
NONSCEG000037,NAB2
NONSCEG000038,NAB2
NONSCEG000041,NAB2
RPI001_765075,NAB2
NONSCEG000046,NAB2
NONSCEG000047,NAB2
NONSCEG000048,NAB2
NONSCEG000049,NAB2
NONSCEG000051,NAB2
NONSCEG000052,NAB2
NONSCEG000058,NAB2
NONSCEG000062,NAB2
NONSCEG000004,PAB1
LSR1,PAB1
NONSCEG000008,PAB1
NONSCEG000021,PAB1
NONSCEG000026,PAB1
RPI002_014200,PAB1
RPI002_014199,PAB1
NONSCEG000032,PAB1
NONSCEG000033,PAB1
NONSCEG000036,PAB1
RPI001_765075,PAB1
NONSCEG000047,PAB1
NONSCEG000048,PAB1
NONSCEG000057,PAB1
NONSCEG000058,PAB1
LSR1,PAP2
NONSCEG000009,PAP2
NONSCEG000023,PAP2
NONSCEG000024,PAP2
RPI002_014201,PAP2
NONSCEG000026,PAP2
NONSCEG000032,PAP2
NONSCEG000037,PAP2
NONSCEG000038,PAP2
NONSCEG000041,PAP2
NONSCEG000051,PAP2
NONSCEG000052,PAP2
NONSCEG000058,PAP2
NONSCEG000062,PAP2
LSR1,SKI2
NONSCEG000026,SKI2
NONSCEG000036,SKI2
NONSCEG000041,SKI2
NONSCEG000048,SKI2
LSR1,STO1
NONSCEG000024,STO1
RPI002_014201,STO1
NONSCEG000031,STO1
NONSCEG000032,STO1
NONSCEG000033,STO1
NONSCEG000036,STO1
NONSCEG000041,STO1
NONSCEG000047,STO1
NONSCEG000048,STO1
NONSCEG000049,STO1
NONSCEG000051,STO1
NONSCEG000052,STO1
NONSCEG000058,STO1
NONSCEG000060,STO1
NONSCEG000062,STO1
LSR1,THO2
NONSCEG000009,THO2
NONSCEG000023,THO2
NONSCEG000024,THO2
NONSCEG000026,THO2
NONSCEG000032,THO2
NONSCEG000033,THO2
NONSCEG000036,THO2
NONSCEG000037,THO2
NONSCEG000038,THO2
NONSCEG000041,THO2
NONSCEG000047,THO2
NONSCEG000048,THO2
NONSCEG000049,THO2
NONSCEG000051,THO2
NONSCEG000052,THO2
NONSCEG000058,THO2
NONSCEG000060,THO2
NONSCEG000062,THO2
LSR1,XRN1
NONSCEG000008,XRN1
NONSCEG000009,XRN1
NONSCEG000026,XRN1
NONSCEG000032,XRN1
NONSCEG000036,XRN1
NONSCEG000037,XRN1
NONSCEG000038,XRN1
NONSCEG000041,XRN1
NONSCEG000044,XRN1
NONSCEG000048,XRN1
NONSCEG000053,XRN1
NONSCEG000058,XRN1
NONSCEG000024,TIF1
NONSCEG000026,TIF1
NONSCEG000032,TIF1
NONSCEG000046,TIF1
NONSCEG000048,TIF1
hTR,TNFRSF1A
hTR,THBS1
hTR,SERPINE1
hTR,PNN
hTR,NME4
hTR,NFKBIA
hTR,NFKB1
hTR,MYC
hTR,MTA1
hTR,MCAM
hTR,JUN
hTR,EPDR1
hTR,E2F1
hTR,CTNNB1
hTR,CD44
hTR,BIRC5
hTR,BCL2L1
hTR,BCL2
hTR,BAX
hTR,ATM
MALAT1,HMGB1
MALAT1,METTL16
NEAT1,FUS
NEAT1,HEXIM1
LINC00657,PUM2
MALAT1,EZH2
LINC00470,FUS
Meg3,Ezh2
SNHG1,hnRNPC
CASC9,hnRNPL
BCYRN1,PCBP2
LINC00657,KHDR1
Tug1,FMR1
MIR7-3HG,MOV10
RP11-1007G5.2,DBHS
MALAT1,TLR4
lincRNA-Cox2,NF-魏B p65
lincRNA-Cox2,Hnrnpa2b1
lnc-31,Rock1
lnc-31,YB-1
Myolinc,Tdp43
Kcnq1ot1,尾-catenin
HOTAIR,Sin3A
HOTAIR,coREST
NEAT1,PINK1
HULC,Beclin-1
Meg3,EZH2
Gas5,GR
Xist,CIZ1
Meg3,p53
TINCR,EZH2
Tug1,EZH2
Tug1,伪-actin
MALAT1,EZH2
MALAT1,Bim
MALAT1,E-selectin
Meg3,PTBP1
lncOL1,SUZ12
H19,Ezh2
Braveheart,CNBP
Chaer,EZH2
PTCSC3,STAT3
SNHG15,Slug
RP11-65J3.1,EBP-1
RP11-65J3.1,MAPK1
NONHSAG056025,Ezh2
RP11-328M4.2,Ezh2
RP11-328M4.2,KDM1A
NONHSAG037420,Ezh2
FOXD2-AS1,KDM1A
FOXD2-AS1,Ezh2
pncRNA-D,FUS
Meg3,MDM2
SOX21-AS1,Ezh2
RP11-242F24.1,SAKI
DLEU1,Mtor
GALNT5 uaRNA,HSP90
h19,SAHH
LINC00657,PUM1
CUDR,IMP1
SPRY4-IT1,Ezh2
SPRY4-IT1,KDM1A
SPRY4-IT1,DNMT1
NONHSAG017379,Ezh2
LINC00472,G3BP1
MALAT1,SP1
CASC9,CBP
HOXD-AS1,PARP1
PVT1,Ezh2
HNF1A-AS1,PTPN6
PANDAR,U2AF2
PANDAR,PTBP1
PANDAR,p53
HOTAIR,Runx3
NEAT1,Ezh2
RP11-109P11.1,MYH11
RP11-109P11.1,FN1
RP11-714G18.1,LRP2BP
SPRY4-IT1,Ezh2
NEAT1,CD36
DUXAP10,SUZ12
DUXAP10,KDM1A
DUXAP10,ELAV1
91H,HNRPK
DANCR,FOXO1
NEAT1,LOXL2
NONHSAG006784,Ezh2
LINC00037,EGFR
TINCR,STAT1
AC093901.1,IF2B1
SNHG1,MED1
SNHG1,MED12
RP11-660L16.2,CNBP
HOXD-AS1,Ezh2
Meg3,PIK3CA
ZEB1-AS1,IL11
LINC00941,ANXA2
LOC554202,Ezh2
LINC00052,b-catenin
LINC00052,SMYD2
FEZF1-AS1,Ezh2
FEZF1-AS1,KDM1A
SNORD109A,Ezh2
MKLN1-AS1,Ezh2
MKLN1-AS1,SUZ12
RP5-839B4.8,RBM14
HULC,ATG7
GHET1,ATF1
CASC8,BIRC7
LincRNA-p21,Ezh2
LUCAT1,Ezh2
LUCAT1,SUZ12
LINC00511,Ezh2
LINC00511,DNMT1
TRERNA1,Ezh2
RPS24,ARID1A
RP11-244F12.3,RBM4
MALAT1,BIRC7
CASC9,Ezh2
ZEB1-AS1,Mll1
SNHG15,Ezh2
XIAP-AS1,SP1
lncSHRG,SATB1
CARLo-5,Ezh2
OIP5-AS1,GAK
MALAT1,Ezh2
MALAT1,TGFB1
DANCR,Ezh2
MANTIS,SMARCA4
GAS5,E2F1
LINC00630,HDAC1
HOXA11-AS,Ezh2
HOXA11-AS,DNMT1
RP11-463O9.5,PI4K伪
SNHG1,TAp63
LINC00152,Ezh2
CUDR,Ezh2
PVT1,TNF
Meg3,ATG3
HNF1A-AS1,Ezh2
HNF1A-AS1,H3K27me3
HNF1A-AS1,PRC2
linc-ADAMTS5,PSF
HULC,YBOX1
RP11-216C10.1,Slug
HOXA11-AS,Wdr5
HOXA11-AS,STAU1
NONHSAG032126,RELA
PVT1,FOXM1
LINC00305,LMBR1L
LINC00673,Ezh2
LINC00673,KDM1A
AK093407,STAT3
SNHG1,p53
LINC00441,DNMT3A
Meg3,NFE2L2
lnc-IL7R,Ezh2
HOXA11-AS,SUZ12
HOXA11-AS,EED
HOTAIR,Ezh2
HOTAIR,Snai1
LINC00152,KDM1A
LINC00152,EZH2
RP11-23B15.1,MYH9
ANCR,Ezh2
HANR,C14orf129
NONHSAG013514,ACE2
BCYRN1,PCBP1
lncRNA-HIT,ZEB1
RAMP2-AS1,DHC10
CRNDE,DMBT1
CRNDE,c-IAP1
Blnc1,HNRNPU
CCAT2,Ezh2
CCAT2,H3K27me3
CCAT2,KDM1A
AC131025.8,PGK1
h19,RB1
HULC,Ezh2
DBCCR1-003,DNMT1
PR-lncRNA-1,KHDR1
HOTAIR,COX-2
HOTTIP,BRE
RP11-314O13.1,AR
TUG1,TRAF5
MALAT1,TLR4
LINC00470,FUS
MEG3,FOXM1
FENDRR,EZH2
FENDRR,SUZ12
FENDRR,WDR5
uc.48+,P2X7
HOTAIR,TTP
TROJAN,ZMYND8
lnc-SLA4A1-1,NF-魏B
HOTAIR,EZH2
HOTAIR,LSD1
pancEts-1,NONO
FMR1-AS1,TLR7
RP11-328M4.2,EZH2
RP11-328M4.2,LSD1
MIR17HG,FXR1
P53RRA,G3BP1
AK022198,HSP90
TCAM1P,IGF2BP1
TCAM1P,HIST1H1C
RP11-598D14.1,IGF2BP1
RP11-598D14.1,STAU1
Ptn-dt,HuR
AK006025,p65
AK006025,CBP/P300
HOTAIR,Runx3
HPSE,hnRNPU
FLI1-AS1,CKAP4
Fendrr,ANXA2
LINC00847,HBXIP
HULC,HBXIP
BDNF-AS,PRDM5
DLX6-AS1,PRR1
LINC00441,DNMT1
DANCR,PTEN
RP11-326F20.5,HuR
DLEU1,mTOR
RP11-465N4.4,KLF8
FAM83H-AS1,HuR
FEZF1-AS1,PKM2
h19,SAHH
AL589743.1,cyclin D1
PTCSC3,STAT3
SOX21-AS1,p21
TDRG1,VEGF-A
THOR,YAP
TINCR,C/EBP-伪
TUG1,FGF10
LINC00152,NCL
LINC00152,Sam68
DANCR,NF45
DANCR,NF90
EPIC1,MEF2D
LINC00568,PDK1
FGF13-AS1,IGF2BP1
GAS5,sema3a
HOTTIP,LATS2
LINC-01572:28,p27
LOC285194,p53
MALAT1,Foxo1
PVT1,HIG2
PVT1,ANGPTL4
PVT1,HK2
NONHSAG006784,P57
NONHSAG006784,cyclin D1
SNHG15,Slug
NONHSAG037420,p21
ATB,p53
CCAT2,FOXC1
HOXB13-AS1,EZH2
LINC00336,ELAVL1
LINC00858,CDK14
PVT1,EZH2
linc-UFC1,FOXP3
RP11-701P16.4,IGF2BP1
LOC283070,PHB2
TUG1,RND3
TUG1,MT2A
AC124944.2,STAT3
Lin28B,NRP-1
AGAP2-AS1,CBP
LINC00652,GLP-1R
NONHSAG033244,p21
Meg3,BMP2
RP11-152P17.2,MIF
BCAR4,GLI2
NONHSAG033244,PRDM5
LINC00968,p21
XIST,EZH2
HOTAIR,p53
XIST,RBM15
XIST,RBM15B
lnc-DILC,IL-6
HOTAIR,EZH2
Lnc_ASNR,HNRNPD
TUG1,CELF1
APLP2,PTEN
APLP2,TP53INP1
h19,DNMT3B
h19,VEGFA
h19,ITGB1
LINC-RoR,p53
RP11-359E19.2,ADAM2
RP11-359E19.2,C8orf4
lncRNA-APLP2,PTEN
BC041488,CDK1
MYCNOS,CTCF
Lnc-HC,MOV10
LINC00511,Brn3a
LINC00511,AR
NONHSAG026010,伪-tubulin
AGAP2-AS1,EZH2
AGAP2-AS1,LSD2
SBF2-AS1,SUZ12
LINC00511,KDM1A
NONRATT021972,P2X7
Pnky,PTBP1
PVT1,EZH2
PVT1,TSHR
CCAT2,CPSF7
CCAT2,CPSF6
H19,HNRNPU
NORAD,PUMILIO
ZFAS1,CDK1
RMRP,p68 RNA helicase
Gomafu,BMI1
LncRNA-HIT,p100
LncRNA-HIT,CBP
DLEU1,ESR1
HOTAIR,HIF1A
TINCR,KLF2
TINCR,CDKN1A
TINCR,p15INK4B
HOXA-AS2,CDKN1A
HOXA-AS2,PLK3
HOXA-AS2,DDIT3
NBAT1,DKK1
HULC,p18
CD99P1,伪-SMA
RP11-360A18.2,伪-SMA
LINC01207,EZH2
TCONS-00068220,IL7
Meg3,ILF3
Meg3,PABPC3
Meg3,ADAM8
CUDR,C/EBP伪-p30
HOTAIR,VIM
Lnc_bc060912,PARP1
Lnc_bc060912,NPM1
HOTAIR,PCBP1
PVT1,p15INK4B
PVT1,p16INK4A
MALAT1,FOS
ZXF2,MYC
GAS5,TRAIL
MALAT1,NF-魏B
TINCR,SP1
TUG1,DDB1
TUG1,MORC2
TUG1,PARK2
TUG1,CARTPT
TUG1,ATXN1
TUG1,LHFPL4
TUG1,DEFB129
TUG1,RGS3
TUG1,SYT1
TUG1,PRPH
TUG1,PDE7B
TUG1,AFF1
TUG1,PPARD
TUG1,VENTX
TUG1,KCNN3
TUG1,ABCB7
TUG1,LEF1
TUG1,ZIM3
TUG1,FAM9C
TUG1,PLA2G6
TUG1,ARL17B
TUG1,PDE4DIP
TUG1,ADAMTS3
TUG1,NARF
TUG1,CTNNA3
TUG1,CHD6
TUG1,LOC100996761
TUG1,EPB41L1
TUG1,GAREML
TUG1,CD5
TUG1,MACROD2
TUG1,BOLL
TUG1,ALDH5A1
TUG1,SDK1
TUG1,TMC2
TUG1,RBFOX1
TUG1,RIMS1
TUG1,PIP5K1C
TUG1,AHNAK
TUG1,NR2C2
TUG1,PTPRB
TUG1,TOX
TUG1,CDH13
TUG1,FAM153A
TUG1,CNNM2
TUG1,LAMP1
TUG1,ITPR3
TUG1,CTBP2
TUG1,DUX4L26
TUG1,POTEB
TUG1,ARHGAP26
TUG1,KDM4B
TUG1,SGSM1
TUG1,ENTPD7
TUG1,CNTN6
TUG1,RALGAPA2
TUG1,SGPP2
